valid,urgent,aircraft,report,turbulence,atrcc,fl,lat,lon
2004-01-03 21:43:00+00:00,T,AEST,BUR UUA /OV BUR/TM 2143/FL060/TP AEST/TB SEV,SEV,ZLA,6000,34.20067,-118.35867
2004-01-03 23:32:00+00:00,T,C210,BUR UUA /OV BUR/TM 2332/FL060/TP C210/TB SEV,SEV,ZLA,6000,34.20067,-118.35867
2004-01-22 19:35:00+00:00,T,SW4,BUR UUA /OV BUR360005/TM 1935/FL070/TP SW4/TB MOD-SEV,MOD-SEV,ZLA,7000,34.284010083340085,-118.35867
2004-02-05 03:35:00+00:00,T,PA31,BUR UUA /OV BUR120005/TM 0335/FL040/TP PA31/TB MOD-SEV BLO 040/RM DURGD BUR,MOD-SEV BLO 040,ZLA,4000,34.15899995832996,-118.2714049799346
2004-02-08 02:40:00+00:00,T,TBM,BUR UUA /OV BUR090005/TM 0240/FL090/TP TBM/TB SEV,SEV,ZLA,9000,34.20067,-118.2579050343488
2004-02-10 15:16:00+00:00,T,GLF4,BUR UUA /OV BUR/TM 1516/FL020/TP GLF4/TB MOD-SEV 002-020,MOD-SEV 002-020,ZLA,2000,34.20067,-118.35867
2004-03-03 13:53:00+00:00,T,BE35,BUR UUA /OV BUR/TM 1353/FL055/TP BE35/TB MOD-SEV/RM 5N BUR,MOD-SEV,ZLA,5500,34.20067,-118.35867
2004-03-03 14:39:00+00:00,T,C650,BUR UUA /OV VNY040007/TM 1439/FL070/TP C650/TB MOD-SEV 070-BLO/RM REPORTED AS MOD OR GRTR 5NNW BUR,MOD-SEV 070-BLO,ZLA,7000,34.29909909082444,-118.39848160376864
2004-03-10 20:45:00+00:00,T,PA34,HHR UUA /OV BUR-VNY/TM 2045/FL020/TP PA34/TB MOD OCNL SEV CHOP,MOD OCNL SEV CHOP,ZLA,2000,34.205195,-118.42392
2004-03-11 02:09:00+00:00,T,BE35,BUR UUA /OV BUR-LAX039012/TM 0209/FL020/TP BE35/TB MOD OCNL SEV/RM DURGC BUR-DODGER STADIUM,MOD OCNL SEV,ZLA,2000,34.20067,-118.35867
2004-04-23 17:29:00+00:00,T,M20P,BUR UUA /OV BUR270015/TM 1729/FL050/TP M20P/TB MOD-SEV 050-090,MOD-SEV 050-090,ZLA,5000,34.20067,-118.66096489695362
2004-10-27 19:58:00+00:00,T,LJ35,BUR UUA /OV DARTS/TM 1958/FL075/TP LJ35/TB MOD-SEV,MOD-SEV,ZLA,7500,34.20067,-118.35867
2004-11-28 17:36:00+00:00,T,P28A,BUR UUA /OV BUR090008/TM 1736/FL035/TP P28A/TB MOD-SEV 035-040,MOD-SEV 035-040,ZLA,3500,34.20067,-118.19744605495808
2004-12-16 07:27:00+00:00,T,BE99,BUR UUA /OV BUR360008/TM 0727/FL050/TP BE99/TB MOD OCNL SEV 060-050/RM DURGD BUR,MOD OCNL SEV 060-050,ZLA,5000,34.334014133344134,-118.35867
2004-12-24 01:12:00+00:00,T,PAY2,BUR UUA /OV BUR/TM 0112/FL030/TP PAY2/TB SEV/RM 7 SE ARPT,SEV,ZLA,3000,34.20067,-118.35867
2004-12-24 03:50:00+00:00,T,PA32,BUR UUA /OV BUR/TM 0350/FL017/TP PA32/TB MOD-SEV,MOD-SEV,ZLA,1700,34.20067,-118.35867
2005-01-31 19:58:00+00:00,T,C650,BUR UUA /OV DARTS360005/TM 1958/FL070/TP C650/TB SEV SFC-070,SEV SFC-070,ZLA,7000,34.20067,-118.35867
2005-01-31 20:12:00+00:00,T,C210,BUR UUA /OV BUR360005/TM 2012/FL035/TP C210/TB MOD-SEV,MOD-SEV,ZLA,3500,34.284010083340085,-118.35867
2005-02-01 16:21:00+00:00,T,BE20,BUR UUA /OV VNY095012/TM 1621/FL110/TP BE20/TB SEV/RM V459 VCNTY DARTS,SEV,ZLA,11000,34.19228743952602,-118.24822847376728
2005-02-01 16:33:00+00:00,T,C337,BUR UUA /OV BUR360005/TM 1633/FL055/TP C337/TB SEV/RM 1000FPM UPDFT,SEV,ZLA,5500,34.284010083340085,-118.35867
2005-02-01 18:33:00+00:00,T,BE20,BUR UUA /OV DARTS-EMT360006/TM 1833/FL080/TP BE20/TB MOD OCNL SEV BLW 080/RM ALSO REPORTED BY SF34 AND C182,MOD OCNL SEV BLW 080,ZLA,8000,34.186008100008095,-118.035
2005-02-01 23:01:00+00:00,T,C172,BUR UUA /OV BUR330005/TM 2301/FL035/TP C172/TB SEV/RM EXPERIENCED 4 G'S,SEV,ZLA,3500,34.27284462932602,-118.4090524828256
2005-02-02 16:18:00+00:00,T,PA31,BUR UUA /OV BUR350010/TM 1618/FL105/TP PA31/TB MOD-SEV,MOD-SEV,ZLA,10500,34.364817920419995,-118.393665305316
2005-02-03 00:45:00+00:00,T,E120,BUR UUA /OV BUR360010/TM 0045/FL110/TP E120/TB MOD OCNL SEV 1000 FPM UDDFS/RM DURD FL110-080,MOD OCNL SEV 1000 FPM UDDFS,ZLA,11000,34.36735016668017,-118.35867
2005-02-03 18:05:00+00:00,T,BE20,BUR UUA /OV BUR360005/TM 1805/FL070/TP BE20/TB SEV,SEV,ZLA,7000,34.284010083340085,-118.35867
2005-03-14 20:33:00+00:00,T,BE9L,BUR UUA /OV BUR060008/TM 2033/FL105/TP BE9L/TB MOD OCNL SEV/RM NBND,MOD OCNL SEV,ZLA,10500,34.26734206667207,-118.21904596789535
2005-03-15 02:32:00+00:00,T,C208,BUR UUA /OV BUR/TM 0232/FL075/TP C208/TB OCNL SEV DURGC EBND,OCNL SEV DURGC EBND,ZLA,7500,34.20067,-118.35867
2005-03-18 19:09:00+00:00,T,BE20,VNY UUA /OV VNY-BUR/TM 1909/FL090/TP BE20/TB MOD OCNL SEV/RM TB AND MOD RA RPTD NMRS ACFT,MOD OCNL SEV,ZLA,9000,34.205195,-118.42392
2005-05-06 23:04:00+00:00,T,BE9L,BUR UUA /OV BUR090008/TM 2304/FL0909/TP BE9L/TB SEV,SEV,ZLA,9000,34.20067,-118.19744605495808
2005-09-28 17:14:00+00:00,T,GLF3,BUR UUA /OV BUR260005/TM 1714/FL050/TP GLF3/TB MOD-SEV/RM DURC,MOD-SEV,ZLA,5000,34.18619814640139,-118.45790411940531
2005-09-28 17:14:00+00:00,T,GLF3,BUR UUA /OV VNY360005/TM 1714/FL050/TP GLF3/TB MOD-SEV SMTH ABOVE 7700/RM DURC,MOD-SEV SMTH ABOVE 7700,ZLA,5000,34.29306008334008,-118.48917
2005-11-18 23:38:00+00:00,T,P46T,BUR UUA /OV PMD230018/TM 2338/FL080/TP P46T/TB MOD OCNL SEV,MOD OCNL SEV,ZLA,8000,34.4365380973395,-118.36386378623878
2005-11-26 17:01:00+00:00,T,BE90,BUR UUA /OV BUR360005-BUR/TM 1701/FL050/TP BE90/TB MOD-OCNL SEV BLW 050,MOD-OCNL SEV BLW 050,ZLA,5000,34.284010083340085,-118.35867
2005-11-26 19:12:00+00:00,T,C172,BUR UUA /OV BUR-EMT/TM 1912/FL105/TP C172/TB MOD-SEV,MOD-SEV,ZLA,10500,34.143335,-118.196835
2006-01-04 20:58:00+00:00,T,GLF4,HHR UUA /OV 2 MILE APCH BUR RY 15/TM 2058/FL035/TP GLF4/TB MOD-SEV,MOD-SEV,ZLA,3500,33.92284,-118.33519
2006-01-04 20:58:00+00:00,F,GLF4,BUR UA /OV 2 MILE APCH BUR RY 15/TM 2058/FL035/TP GLF4/TB MOD-SEV/RM ***CORRECTION FOR LOCATION,MOD-SEV,ZLA,3500,34.20067,-118.35867
2006-01-08 01:13:00+00:00,T,M20C,VNY UUA /OV VNY-BUR/TM 0113/FL050/TP M20C/TB MOD-SEV,MOD-SEV,ZLA,5000,34.205195,-118.42392
2006-01-23 01:24:00+00:00,T,C172,BUR UUA /OV BUR/TM 0124/FL050/TP C172/TB MOD-SEV,MOD-SEV,ZLA,5000,34.20067,-118.35867
2006-01-23 02:17:00+00:00,T,BE36,BUR UUA /OV BUR/TM 0217/FL070/TP BE36/TB MOD-SEV FL050-070,MOD-SEV FL050-070,ZLA,7000,34.20067,-118.35867
2006-01-23 16:16:00+00:00,T,B190,BUR UUA /OV BUR/TM 1616/FL050/TP B190/TB MOD-SEV,MOD-SEV,ZLA,5000,34.20067,-118.35867
2006-03-09 22:49:00+00:00,T,C56X,BUR UUA /OV BUR040008/TM 2249/FL060/TP C56X/TB MOD -SEV,MOD -SEV,ZLA,6000,34.30281753237079,-118.25503724574229
2006-05-22 00:33:00+00:00,T,C182,BUR UUA /OV 15NW BUR/TM 0033/FL050/TP C182/TB SEV,SEV,ZLA,5000,34.34407572402222,-118.60629548281769
2006-05-22 00:33:00+00:00,T,C182,HHR UUA /OV 15NW BUR/TM 0033/FL050/TP C182/TB SEV,SEV,ZLA,5000,34.34407572402222,-118.60629548281769
2006-10-18 16:25:00+00:00,T,C182,BUR UUA /OV VNY06012/TM 1625/FL055/TP C182/TB MOD-SEV,MOD-SEV,ZLA,5500,34.20972,-118.48917
2006-11-25 18:55:00+00:00,T,BE36,BUR UUA /OV BUR330007/TM 1855/FL045/TP BE36/TB MOD OCNL SEV,MOD OCNL SEV,ZLA,4500,34.301714481056436,-118.42920547595584
2006-11-30 01:39:00+00:00,T,B737,BUR UUA /OV BUR 270015/TM 0139/FL050/TP B737/TB SEV,SEV,ZLA,5000,34.20067,-118.66096489695362
2006-12-16 21:12:00+00:00,T,C172,BUR UUA /OV BUR180002/TM 2112/FL020/TP C172/TB MOD-SEV,MOD-SEV,ZLA,2000,34.16733396666397,-118.35867
2006-12-22 19:52:00+00:00,T,DH8,HHR UUA /OV BUR240005/TM 1952/FL080/TP DH8/TB MOD-SEV,MOD-SEV,ZLA,8000,34.15899995832996,-118.4459350200654
2006-12-22 19:56:00+00:00,T,DC8,BUR UUA /OV BUR045005/TM 1956/FL080/TP DC8/TB MOD-SEV/RM UDDF THRU 010 (CORRECTION,MOD-SEV,ZLA,8000,34.25960033807443,-118.28741840948202
2006-12-22 23:14:00+00:00,T,C560,BUR UUA /OV BUR090010/TM 2314/FL050/TP C560/TB MOD-SEV,MOD-SEV,ZLA,5000,34.20067,-118.1571400686976
2006-12-22 23:31:00+00:00,T,PA24,BUR UUA /OV LHS180020/TM 2331/FL075/TP PA24/WV 350073KT/TB MOD-SEV/RM MTN WAVE 500FPM UDDFS,MOD-SEV,ZLA,7500,34.34663966663967,-118.58
2007-01-02 02:22:00+00:00,T,DCH8,BUR UUA /OV BUR360010/TM 0222/FL070/TP DCH8/TB MOD OCNL SEV/RM DURD,MOD OCNL SEV,ZLA,7000,34.36735016668017,-118.35867
2007-01-02 03:42:00+00:00,T,DHC8,BUR UUA /OV BUR360005/TM 0342/FL065/TP DHC8/TB SEV/RM FM BUR APCH,SEV,ZLA,6500,34.284010083340085,-118.35867
2007-01-05 17:54:00+00:00,T,E120,BUR UUA /OV DARTS/TM 1754/FL060/TP E120/TB SEV/RM DURD NUMRS ACFT SOCAL,SEV,ZLA,6000,34.20067,-118.35867
2007-01-05 19:21:00+00:00,T,SF34,BUR UUA /OV DARTS/TM 1921/FL076/TP SF34/TB SEV/RM DURD,SEV,ZLA,7600,34.20067,-118.35867
2007-01-05 23:53:00+00:00,T,LJ55,BUR UUA /OV BUR360010/TM 2353/FL090/TP LJ55/TB MOD-SEV,MOD-SEV,ZLA,9000,34.36735016668017,-118.35867
2007-01-06 02:32:00+00:00,T,PA24,BUR UUA /OV BUR150006/TM 0232/FL025/TP PA24/TB MOD-SEV/RM REPORTED BY BUR APCH,MOD-SEV,ZLA,2500,34.11406044480877,-118.29821102060929
2007-01-06 23:53:00+00:00,T,LJ55,BUR UUA /OV BUR360010/TM 2353/FL090/TP LJ55/TB MOD-SEV,MOD-SEV,ZLA,9000,34.36735016668017,-118.35867
2007-01-15 19:47:00+00:00,T,B737,BUR UUA /OV VNY270010/TM 1947/FL050/TP B737/TB SEV/RM SOCAL,SEV,ZLA,5000,34.20972,-118.69072156976698
2007-01-16 16:33:00+00:00,T,C172,BUR UUA /OV BUR360010/TM 1633/FL075/TP C172/TB SEV,SEV,ZLA,7500,34.36735016668017,-118.35867
2007-01-18 18:57:00+00:00,T,GLF4,BUR UUA /OV BUR360003/TM 1857/FL070/TP GLF4/TB MOD-SEV,MOD-SEV,ZLA,7000,34.25067405000405,-118.35867
2007-01-19 02:45:00+00:00,T,PA31,BUR UUA /OV BUR360010/TM 0245/FL070/TP PA31/TB MOD-SEV FL070-060/RM DURD,MOD-SEV FL070-060,ZLA,7000,34.36735016668017,-118.35867
2007-01-21 20:54:00+00:00,T,AC11,BUR UUA /OV BUR/TM 2054/FL050/TP AC11/TB SEV,SEV,ZLA,5000,34.20067,-118.35867
2007-01-22 00:39:00+00:00,T,B350,BUR UUA /OV DARTS/TM 0039/FL060/TP B350/TB SEV,SEV,ZLA,6000,34.20067,-118.35867
2007-01-22 05:37:00+00:00,T,C550,BUR UUA /OV VNY/TM 0537/FL050/TP C550/TB MOD-SEV,MOD-SEV,ZLA,5000,34.20972,-118.48917
2007-01-22 17:57:00+00:00,T,U16,BUR UUA /OV BUR/TM 1757/FL030/TP U16/TB MOD-SEV/RM ACFT TYPE GRUMAN ALBATROSS,MOD-SEV,ZLA,3000,34.20067,-118.35867
2007-01-22 17:58:00+00:00,F,UNKN,BUR UA /OV BUR/TM 1758/FL030/TP UNKN/TB MOD-SEV/RM FINAL FOR RWY15,MOD-SEV,ZLA,3000,34.20067,-118.35867
2007-01-22 17:59:00+00:00,F,UNKN,BUR UA /OV BUR/TM 1759/FL030/TP UNKN/TB MOD-SEV/RM FINAL FOR RWY 15/ CORRECTION,MOD-SEV,ZLA,3000,34.20067,-118.35867
2007-01-31 22:39:00+00:00,T,MO20,BUR UUA /OV BUR/TM 2239/FL060/TP MO20/SK OVC-TOP060/TB MOD-OCNL SEV 060,MOD-OCNL SEV 060,ZLA,6000,34.20067,-118.35867
2007-02-22 23:26:00+00:00,T,C208,BUR UUA /OV BUR/TM 2326/FL100/TP C208/TB MOD-SEV,MOD-SEV,ZLA,10000,34.20067,-118.35867
2007-04-09 06:28:00+00:00,T,PA24,WHP UUA /OV BUR360012/TM 0628/FL045/TP PA24/TB SEV/RM LLWS +/-40KT DURD,SEV,ZLA,4500,34.4006862000162,-118.35867
2007-04-09 06:28:00+00:00,T,PA24,BUR UUA /OV BUR360012/TM 0628/FL045/TP PA24/TB SEV/RM LLWS +/-40KT DURD,SEV,ZLA,4500,34.4006862000162,-118.35867
2007-05-05 20:55:00+00:00,T,PA34,BUR UUA /OV BUR/TM 2055/FL090/TP PA34/TB MOD-SEV/RM 5 E BUR,MOD-SEV,ZLA,9000,34.20067,-118.35867
2007-05-06 04:15:00+00:00,T,PC12,BUR UUA /OV BUR360005/TM 0415/FL060/TP PC12/TB SEV,SEV,ZLA,6000,34.284010083340085,-118.35867
2007-05-06 16:54:00+00:00,T,E120,BUR UUA /OV BUR360003/TM 1654/FL070/TP E120/TB SEV/RM 100FPM UDDF,SEV,ZLA,7000,34.25067405000405,-118.35867
2007-05-06 17:19:00+00:00,T,E120,BUR UUA /OV BUR360003/TM 1719/FL070/TP E120/TB SEV/RM 1000FPM UDDF,SEV,ZLA,7000,34.25067405000405,-118.35867
2007-11-12 10:16:00+00:00,T,C550,BUR UUA /OV BUR /TM 1016 /FL030 /TP C550 /TB MOD-OCNL SEV 030-050 /RM OCNL SEV JOLTS OVER RIDGE LINE,MOD-OCNL SEV 030-050,ZLA,3000,34.20067,-118.35867
2007-11-23 23:04:00+00:00,T,C172,BUR UUA /OV BUR360004 /TM 2304 /FL045 /TP C172 /TB SEV,SEV,ZLA,4500,34.26734206667207,-118.35867
2007-11-24 01:54:00+00:00,T,SW4,BUR UUA /OV BUR /TM 0154 /FL050 /TP SW4 /TB SEV /RM MOD-SEV,SEV,ZLA,5000,34.20067,-118.35867
2007-12-04 17:28:00+00:00,T,C172,BUR UUA /OV WHP/TM 1728/FL020/TP C172/TB MOD-SEV DDFS/RMRETRANSMISSION. ZLA CWSU,MOD-SEV DDFS,ZLA,2000,34.25933,-118.41343
2007-12-04 17:28:00+00:00,T,C172,BUR UUA /OV WHP/TM 1728/FL020/TP C172/TB MOD-SEV DDFS/RM RETRANSMISSION. ZLA CWSU,MOD-SEV DDFS,ZLA,2000,34.25933,-118.41343
2007-12-10 04:54:00+00:00,T,DH8,WHP UUA /OV BUR290005 /TM 0454 /FL060 /TP DH8 /TB SEV,SEV,ZLA,6000,34.22917398724875,-118.45335809465618
2008-01-17 02:55:00+00:00,T,C25B,BUR UUA /OV BUR /TM 0255 /FL004 /TP C25B /TB SEV /RM 1SM FAP RWY 08,SEV,ZLA,400,34.20067,-118.35867
2008-01-17 02:56:00+00:00,T,CRJ,BUR UUA /OV BUR/TM 0256/FL018/TP CRJ/TB MOD-SEV 018-SFC/RM +/- 10KT AS. COR FORMAT. ZLA CWSU,MOD-SEV 018-SFC,ZLA,1800,34.20067,-118.35867
2008-01-17 02:56:00+00:00,T,CRJ,BUR UUA /OV BUR /TM 0256 /FL018 /TP CRJ /TB SEV /RM MOD-SEV TURB 018-SFC +/- 10KTAS,SEV,ZLA,1800,34.20067,-118.35867
2008-01-17 02:56:00+00:00,T,CRJ,BUR UUA /OV BUR/TM 0256/FL018/TP CRJ/TB MOD-SEV 018-SFC/RM +/- 10KTAS. COR FORMAT. ZLA CWSU,MOD-SEV 018-SFC,ZLA,1800,34.20067,-118.35867
2008-02-14 17:13:00+00:00,T,PA31,BUR UUA /OV BUR360008 /TM 1713 /FL070 /TP PA31 /TB SEV,SEV,ZLA,7000,34.334014133344134,-118.35867
2008-02-14 17:13:00+00:00,T,PA31,VNY UUA /OV BUR360008 /TM 1713 /FL070 /TP PA31 /TB SEV,SEV,ZLA,7000,34.334014133344134,-118.35867
2008-02-14 17:13:00+00:00,T,PA31,WHP UUA /OV BUR360008 /TM 1713 /FL070 /TP PA31 /TB SEV,SEV,ZLA,7000,34.334014133344134,-118.35867
2008-02-15 01:44:00+00:00,T,B737,VNY UUA /OV BUR270005 /TM 0144 /FL060 /TP B737 /TB MOD-SEV,MOD-SEV,ZLA,6000,34.20067,-118.4594349656512
2008-02-15 15:10:00+00:00,T,DHC8,WHP UUA /OV BUR360005 /TM 1510 /FL070 /TP DHC8 /TB MOD-SEV,MOD-SEV,ZLA,7000,34.284010083340085,-118.35867
2008-03-02 15:41:00+00:00,T,C182,EMT UUA /OV BUR090010/TM 1541/FL085/TP C182/TB MOD-SEV/RM COR SA-ID.ZLA CWSU,MOD-SEV,ZLA,8500,34.20067,-118.1571400686976
2008-03-02 15:41:00+00:00,T,C182,EMT UUA /OV BUR090010/TM 1541/FL085/TP C182/TB MOD-SEV/RM COR SA-ID. ZLA CWSU,MOD-SEV,ZLA,8500,34.20067,-118.1571400686976
2008-03-02 15:41:00+00:00,T,C182,MWS UUA /OV BUR090010 /TM 1541 /FL085 /TP C182 /TB MOD-SEV,MOD-SEV,ZLA,8500,34.20067,-118.1571400686976
2008-03-02 22:24:00+00:00,T,C210,BUR UUA /OV BUR /TM 2224 /FL110 /TP C210 /TB SEV /RM MOD-SEV 110-060 DURD BUR-CCB SMTH L17-BUR,SEV,ZLA,11000,34.20067,-118.35867
2008-03-09 15:52:00+00:00,T,UNKN,BUR UUA /OV WHP/TM 1552/FL065/TP UNKN/TB MOD-SEV/RM NEG TB 055-050.ZLA CWSU,MOD-SEV,ZLA,6500,34.25933,-118.41343
2008-03-09 15:52:00+00:00,T,UNKN,BUR UUA /OV WHP/TM 1552/FL065/TP UNKN/TB MOD-SEV/RM NEG TB 055-050. ZLA CWSU,MOD-SEV,ZLA,6500,34.25933,-118.41343
2008-03-09 20:35:00+00:00,T,C172,WHP UUA /OV BUR360010 /TM 2035 /FL070 /TP C172 /TB SEV,SEV,ZLA,7000,34.36735016668017,-118.35867
2008-03-17 05:52:00+00:00,T,C421,EMT UUA /OV BUR135010 /TM 0552 /FL060 /TP C421 /TB MOD-SEV /RM MOD-SEV TBL BLW 060,MOD-SEV,ZLA,6000,34.08280932385115,-118.216166818964
2008-03-17 21:35:00+00:00,T,RV4,BUR UUA /OV BUR /TM 2135 /FL025 /TP RV4 /TB SEV /RM DURC,SEV,ZLA,2500,34.20067,-118.35867
2008-05-13 16:01:00+00:00,T,PC12,BUR UUA /OV BUR /TM 1601 /FL040 /TP PC12 /TB MOD-SEV,MOD-SEV,ZLA,4000,34.20067,-118.35867
2008-05-14 00:09:00+00:00,T,BE35,WHP UUA /OV BUR030010 /TM 0009 /FL105 /TP BE35 /TB SEV,SEV,ZLA,10500,34.34501925865205,-118.2579050343488
2008-06-18 17:55:00+00:00,T,SR22,BUR UUA /OV BUR /TM 1755 /FL020 /TP SR22 /TB MOD-SEV 030-020 /RM DURD RWY 8,MOD-SEV 030-020,ZLA,2000,34.20067,-118.35867
2008-06-20 21:53:00+00:00,T,C172,BUR UUA /OV BUR335001 /TM 2153 /FL025 /TP C172 /TB MOD-SEV,MOD-SEV,ZLA,2500,34.21577635330068,-118.36718702292558
2008-10-13 16:30:00+00:00,T,C56X,WHP UUA /OV BUR360005 /TM 1630 /FL080 /TP C56X /TB SEV,SEV,ZLA,8000,34.284010083340085,-118.35867
2008-10-13 19:28:00+00:00,T,C340,MWS UUA /OV BUR045010 /TM 1928 /FL065 /TP C340 /TB SEV /RM DURD,SEV,ZLA,6500,34.31853067614885,-118.216166818964
2008-12-13 20:38:00+00:00,T,C182,BUR UUA /OV BUR090003 /TM 2038 /FL075 /TP C182 /TB SEV,SEV,ZLA,7500,34.20067,-118.29821102060929
2008-12-14 01:39:00+00:00,T,C414,BUR UUA /OV BUR /TM 0139 /FL100 /TP C414 /TB SEV,SEV,ZLA,10000,34.20067,-118.35867
2009-01-09 17:15:00+00:00,T,C208,WHP UUA /OV BUR360010 /TM 1715 /FL075 /TP C208 /TB MOD-SEV,MOD-SEV,ZLA,7500,34.36735016668017,-118.35867
2009-01-11 15:17:00+00:00,T,E120,BUR UUA /OV BUR360005/TM 1517/FL070/TP E120/TB SEV/RM ZLA CWSU,SEV,ZLA,7000,34.284010083340085,-118.35867
2009-01-11 15:17:00+00:00,T,E120,WHP UUA /OV BUR360005 /TM 1517 /FL070 /TP E120 /TB SEV,SEV,ZLA,7000,34.284010083340085,-118.35867
2009-01-29 15:15:00+00:00,T,DH8D,WHP UUA /OV BUR360010 /TM 1515 /FL090 /TP DH8D /TB MOD-SEV,MOD-SEV,ZLA,9000,34.36735016668017,-118.35867
2009-01-29 15:15:00+00:00,T,E120,WHP UUA /OV BUR360010 /TM 1515 /FL090 /TP E120 /TB MOD-SEV,MOD-SEV,ZLA,9000,34.36735016668017,-118.35867
2009-03-22 18:30:00+00:00,T,LJ55,BUR UUA /OV PMD210020/TM 1830/FL145/TP LJ55/TB MOD-SEV 130-160/RM ZLACWSU,MOD-SEV 130-160,ZLA,14500,34.3406914826959,-118.2871156958706
2009-03-22 19:18:00+00:00,T,LR55,BUR UUA /OV PMD218020/TM 1918/FL135/TP LR55/TA M07/TB MOD-SEV130-140/IC MOD RIME 130-140/RM ZLA CWSU,MOD-SEV130-140,ZLA,13500,34.366698472486135,-118.33397379034014
2009-03-22 19:28:00+00:00,T,G4,BUR UUA /OV PMD218020/TM 1928/FL125/TP G4/TB SEV 120-130/RM ZLA CWSU,SEV 120-130,ZLA,12500,34.366698472486135,-118.33397379034014
2009-03-22 19:30:00+00:00,T,DH8A,WHP UUA /OV BUR360010 /TM 1930 /FL110 /TP DH8A /WV 330110KT /TB SEV,SEV,ZLA,11000,34.36735016668017,-118.35867
2009-03-26 13:16:00+00:00,T,C172,BUR UUA /OV WHP/TM 1316/FL015/TP C172/TB MOD-SEV/RM DURC. ZLA CWSU,MOD-SEV,ZLA,1500,34.25933,-118.41343
2009-04-03 21:15:00+00:00,T,C560,BUR UUA /OV BUR /TM 2115 /FL085 /TP C560 /TB SEV,SEV,ZLA,8500,34.20067,-118.35867
2009-04-06 20:54:00+00:00,T,C172,FUL UUA /OV BUR135020 /TM 2054 /FL020 /TP C172 /TB MOD-SEV,MOD-SEV,ZLA,2000,33.9649486477023,-118.07366363792802
2009-10-28 21:57:00+00:00,T,C525,BUR UUA /OV BUR090003 /TM 2157 /FL110 /TP C525 /TB CONT MOD OCNL SEV,CONT MOD OCNL SEV,ZLA,11000,34.20067,-118.29821102060929
2009-10-29 01:10:00+00:00,T,CH7B,BUR UUA /OV BUR /TM 0110 /FL040 /TP CH7B /TB SEV 040-050 /RM DURC,SEV 040-050,ZLA,4000,34.20067,-118.35867
2009-11-24 03:16:00+00:00,T,BE20,BUR UUA /OV BUR360014/TM 0316/FL060/TP BE20/TB SEV/RM SEV TURB BTW060-080,SEV,ZLA,6000,34.43402223335224,-118.35867
2009-12-22 19:06:00+00:00,T,BE99,BUR UUA /OV WHP/TM 1906/FL040/TP BE99/TB SEV/RM ZLA CWSU,SEV,ZLA,4000,34.25933,-118.41343
2009-12-22 19:07:00+00:00,T,BE99,WHP UUA /OV BUR325003 /TM 1907 /FL040 /TP BE99 /TB SEV,SEV,ZLA,4000,34.241630919783546,-118.39334784594436
2010-02-16 21:15:00+00:00,T,C172,BUR UUA /OV VNY120005 /TM 2115 /FL030 /TP C172 /TB SEV,SEV,ZLA,3000,34.16804995832995,-118.40189561020458
2010-05-01 07:01:00+00:00,T,BE99,VNY UUA /OV BUR280010 /TM 0701 /FL030 /TP BE99 /TB MOD-SEV 030-035 /RM BUR TWR,MOD-SEV 030-035,ZLA,3000,34.22961370719723,-118.55713823881062
2010-05-01 21:20:00+00:00,T,BE23,BUR UUA /OV VNY135005 /TM 2120 /FL095 /TP BE23 /TB MOD SEV,MOD SEV,ZLA,9500,34.15078966192557,-118.41791075912948
2010-05-01 21:37:00+00:00,T,BE23,BUR UUA /OV VNY135005 /TM 2137 /FL095 /TP BE23 /TB MOD SEV,MOD SEV,ZLA,9500,34.15078966192557,-118.41791075912948
2010-11-11 22:29:00+00:00,T,PA46,BUR UUA /OV LAX018015 /TM 2229 /FL090 /TP PA46 /TB MOD-SEV 090-080 /RM OVR DARTS INTXN DURD,MOD-SEV 090-080,ZLA,9000,34.17594338798751,-118.29340473211236
2011-01-15 04:24:00+00:00,T,CL60,WHP UUA /OV BUR360006 /TM 0424 /FL070 /TP CL60 /TB SEV /RM 070-060 SEV TB,SEV,ZLA,7000,34.3006781000081,-118.35867
2011-01-26 20:26:00+00:00,T,E120,WHP UUA /OV BUR360007 /TM 2026 /FL070 /TP E120 /TB SEV,SEV,ZLA,7000,34.31734611667612,-118.35867
2011-02-02 15:42:00+00:00,T,B737,VNY UUA /OV BUR270006 /TM 1542 /FL030 /TP B737 /TB MOD-SEV,MOD-SEV,ZLA,3000,34.20067,-118.47958795878144
2011-02-02 16:47:00+00:00,T,CRJ9,WHP UUA /OV BUR310003 /TM 1647 /FL050 /TP CRJ9 /TB MOD-SEV,MOD-SEV,ZLA,5000,34.23281198377675,-118.4049842651989
2011-02-19 03:13:00+00:00,T,B732,BUR UUA /OV BUR /TM 0313 /FL005 /TP B732 /TB SEV /RM LLWS -20KT +4 KT,SEV,ZLA,500,34.20067,-118.35867
2011-02-19 03:13:00+00:00,T,B732,BUR UUA /OV BUR /TM 0313 /FL005 /TP B732 /TB SEV /RM LLWS -20KT +40KT,SEV,ZLA,500,34.20067,-118.35867
2011-03-06 19:37:00+00:00,T,ERCO,BUR UUA /OV BUR306011 /TM 1937 /FL040 /TP ERCO /TB MOD-SEV /RM IN NEWHALL PASS,MOD-SEV,ZLA,4000,34.308439358206684,-118.53801525322876
2011-03-07 19:05:00+00:00,T,PA46,WHP UUA /OV BUR360005 /TM 1905 /FL090 /TP PA46 /TB MOD-SEV,MOD-SEV,ZLA,9000,34.284010083340085,-118.35867
2011-04-07 16:22:00+00:00,T,BE20,WHP UUA /OV BUR360005 /TM 1622 /FL090 /TP BE20 /TB MOD-SEV,MOD-SEV,ZLA,9000,34.284010083340085,-118.35867
2011-04-16 14:09:00+00:00,T,P28A,WHP UUA /OV BUR360003 /TM 1409 /FL030 /TP P28A /TB MOD-SEV 030-050,MOD-SEV 030-050,ZLA,3000,34.25067405000405,-118.35867
2011-11-06 18:25:00+00:00,T,H25B,BUR UUA /OV BUR090005 /TM 1825 /FL050 /TP H25B /TB SEV,SEV,ZLA,5000,34.20067,-118.2579050343488
2011-12-01 16:00:00+00:00,T,C208,BUR UUA /OV BUR /TM 1600 /FL065 /TP C208 /TB MOD SEV,MOD SEV,ZLA,6500,34.20067,-118.35867
2011-12-01 16:30:00+00:00,T,C510,BUR UUA /OV SMO032013 /TM 1630 /FL080 /TP C510 /TB SEV,SEV,ZLA,8000,34.204758637426195,-118.3085415955686
2011-12-01 18:50:00+00:00,T,PA32,WHP UUA /OV BUR360005 /TM 1850 /FL090 /TP PA32 /TB SEV,SEV,ZLA,9000,34.284010083340085,-118.35867
2011-12-01 18:57:00+00:00,T,PA32,BUR UUA /OV BUR100005 /TM 1857 /FL090 /TP PA32 /TB SEV /RM OVR DARTS INT 800-1000 UDDFS,SEV,ZLA,9000,34.18619814640139,-118.2594358805947
2011-12-03 20:15:00+00:00,T,SR22,BUR UUA /OV BUR090006 /TM 2015 /FL085 /TP SR22 /TB SEV,SEV,ZLA,8500,34.20067,-118.23775204121856
2011-12-16 18:05:00+00:00,T,H60,EMT UUA /OV BUR090015 /TM 1805 /FL020 /TP H60 /TB CONT MOD OCNL SEV 020-BLO,CONT MOD OCNL SEV 020-BLO,ZLA,2000,34.20067,-118.0563751030464
2011-12-17 00:18:00+00:00,T,SW3,BUR UUA /OV LAX360015 /TM 0018 /FL090 /TP SW3 /TB MOD-SEV,MOD-SEV,ZLA,9000,34.18818025002025,-118.38653
2011-12-17 01:47:00+00:00,T,C510,BUR UUA /OV VNY-BUR090005 /TM 0147 /FL050 /TP C510 /TB SEV,SEV,ZLA,5000,34.20067,-118.35867
2011-12-22 17:45:00+00:00,T,E120,BUR UUA /OV VNY095012 /TM 1745 /FL050 /TP E120 /TB SEV 070-050,SEV 070-050,ZLA,5000,34.19228743952602,-118.24822847376728
2011-12-23 02:37:00+00:00,T,PA32,BUR UUA /OV EMT315015/TM 0237/FL085/TP PA32/TB SEV 085-035 / MOD BLO035/RM DURD. COR TURB. ZLA CWSU,SEV 085-035,ZLA,8500,34.262791014223275,-118.248464852222
2011-12-23 02:37:00+00:00,T,PA32,BUR UUA /OV EMT315015/TM 0237/FL085/TP PA32/TB SEV 085-035 / MOD BLO 035/RM DURD. COR TURB. ZLA CWSU,SEV 085-035,ZLA,8500,34.262791014223275,-118.248464852222
2011-12-23 02:37:00+00:00,T,PA32,BUR UUA /OV EMT315015 /TM 0237 /FL085 /TP PA32 /TB SEV 085-035 MOD BLO 035 /RM DURD,SEV 085-035 MOD BLO 035,ZLA,8500,34.262791014223275,-118.248464852222
2011-12-23 16:58:00+00:00,T,BE9L,BUR UUA /OV BUR045003-BUR045005 /TM 1658 /FL045 /TP BE9L /TB MOD-SEV /RM 500-1000 FPM DWNDFTS +12KTS IAS,MOD-SEV,ZLA,4500,34.23602820284466,-118.3159190456892
2011-12-23 17:54:00+00:00,T,BE9L,BUR UUA /OV BUR045005 /TM 1754 /FL045 /TP BE9L /WX FV99SM /TA 10 /TB SEV /RM UDDFS+/- 1000 FPM WS +/-10 KTS IAS,SEV,ZLA,4500,34.25960033807443,-118.28741840948202
2012-01-24 21:47:00+00:00,T,PA32,WHP UUA /OV BUR360008 /TM 2147 /FL055 /TP PA32 /TB SEV,SEV,ZLA,5500,34.334014133344134,-118.35867
2012-01-28 06:48:00+00:00,T,C210,WHP UUA /OV BUR360010 /TM 0648 /FL120 /TP C210 /TB MOD-OCNL SEV 100-120,MOD-OCNL SEV 100-120,ZLA,12000,34.36735016668017,-118.35867
2012-02-01 21:00:00+00:00,T,A321,BUR UUA /OV PMD190020/TM 2100/FL290/TP A321/TB SEV/RM ZLA CWSU,SEV,ZLA,29000,34.30109415916001,-118.15490032789153
2012-02-16 16:16:00+00:00,T,BL17,WHP UUA /OV BUR325005 /TM 1616 /FL075 /TP BL17 /TB MOD-SEV,MOD-SEV,ZLA,7500,34.268938199639244,-118.41646640990726
2012-02-16 16:50:00+00:00,T,P28A,MWS UUA /OV BUR090010 /TM 1650 /FL060 /TP P28A /TB MOD-SEV 060-030 /RM UDDFS 1000 FPM,MOD-SEV 060-030,ZLA,6000,34.20067,-118.1571400686976
2012-02-16 17:31:00+00:00,T,C210,BUR UUA /OV BUR /TM 1731 /FL070 /TP C210 /TB MOD-SEV 070-BLO /RM UDDFS,MOD-SEV 070-BLO,ZLA,7000,34.20067,-118.35867
2012-02-16 18:10:00+00:00,T,PA46,MWS UUA /OV BUR090010 /TM 1810 /FL110 /TP PA46 /TB MOD SEV 110-090 /RM UDDFS 1500 FPM/ 60 DEGREE BANK/ MOUNTAIN WAVE ACTIVITY,MOD SEV 110-090,ZLA,11000,34.20067,-118.1571400686976
2012-02-17 00:09:00+00:00,T,C560,BUR UUA /OV BUR090004 /TM 0009 /FL050 /TP C560 /TB MOD-SEV 050-070,MOD-SEV 050-070,ZLA,5000,34.20067,-118.27805802747903
2012-03-08 02:22:00+00:00,T,C177,MWS UUA /OV BUR090012 /TM 0222 /FL060 /TP C177 /TB SEV,SEV,ZLA,6000,34.20067,-118.11683408243712
2012-05-23 04:42:00+00:00,T,B737,WHP UUA /OV BUR360005 /TM 0442 /FL050 /TP B737 /TB SEV 050-040,SEV 050-040,ZLA,5000,34.284010083340085,-118.35867
2012-06-05 19:50:00+00:00,T,UNKN,BUR UUA /OV BUR180005 /TM 1950 /FL020 /TP UNKN /TB MOD OCNL SEV BLO 020 /RM ACFT A HELO,MOD OCNL SEV BLO 020,ZLA,2000,34.11732991665992,-118.35867
2012-10-26 16:44:00+00:00,T,C172,VNY UUA /OV BUR270020 /TM 1644 /FL035 /TP C172 /TB MOD-SEV,MOD-SEV,ZLA,3500,34.20067,-118.7617298626048
2013-01-02 18:36:00+00:00,T,M20P,WHP UUA /OV BUR360010 /TM 1836 /FL080 /TP M20P /TB MOD-SEV,MOD-SEV,ZLA,8000,34.36735016668017,-118.35867
2013-01-03 01:00:00+00:00,T,C510,BUR UUA /OV BUR360005 /TM 0100 /FL050 /TP C510 /TB MOD-SEV /RM OVER MOUNTAINS,MOD-SEV,ZLA,5000,34.284010083340085,-118.35867
2013-01-07 18:58:00+00:00,T,C175,BUR UUA /OV BUR045005 /TM 1858 /FL030 /TP C175 /TB SEV,SEV,ZLA,3000,34.25960033807443,-118.28741840948202
2013-01-07 18:59:00+00:00,T,B350,WHP UUA /OV BUR360005 /TM 1859 /FL070 /TP B350 /TB SEV,SEV,ZLA,7000,34.284010083340085,-118.35867
2013-04-08 18:03:00+00:00,T,B732,VNY UUA /OV BUR270010 /TM 1803 /FL110 /TP B732 /TB SEV /RM DURD 070-110,SEV,ZLA,11000,34.20067,-118.5601999313024
2013-04-08 18:03:00+00:00,T,B732,VNY UUA /OV BUR270010/TM 1803/FL110/TP B732/TB SEV 070-110/RM DURD.COR TURB ALT. ZLA CWSU,SEV 070-110,ZLA,11000,34.20067,-118.5601999313024
2013-04-08 18:03:00+00:00,T,B732,VNY UUA /OV BUR270010/TM 1803/FL110/TP B732/TB SEV 070-110/RM DURD. COR TURB ALT. ZLA CWSU,SEV 070-110,ZLA,11000,34.20067,-118.5601999313024
2013-04-08 18:19:00+00:00,F,B737,VNY UA /OV KBUR300010/TM 1819/FL115/TP B737/TB SEV/RM FL115 -070 DURD BUR AWC-WEB:SWA,SEV,ZLA,11500,34.284010083340085,-118.53320004013082
2013-04-08 22:10:00+00:00,F,B737,BUR UA /OV KBUR/TM 2210/FL100/TP B737/TB SEVERE CHOP/RM SEVERE TURB DESCENDING THROUGH FL100 AWC-WEB:SWA,SEVERE CHOP,ZLA,10000,34.20067,-118.35867
2014-01-14 01:54:00+00:00,T,BE35,WHP UUA /OV BUR315003 /TM 0154 /FL025 /TP BE35 /TB MOD-SEV,MOD-SEV,ZLA,2500,34.23602820284466,-118.4014209543108
2014-03-07 23:17:00+00:00,T,C172,WHP UUA /OV BUR360009 /TM 2317 /FL040 /TP C172 /TB MOD-SEV,MOD-SEV,ZLA,4000,34.350682150012155,-118.35867
2014-03-13 20:57:00+00:00,T,C210,BUR UUA /OV BUR /TM 2057 /FL030 /TP C210 /TB MOD-SEV 030-BLO /RM DURD,MOD-SEV 030-BLO,ZLA,3000,34.20067,-118.35867
2014-03-30 23:47:00+00:00,T,C172,BUR UUA /OV BUR /TM 2347 /FL050 /TP C172 /TB MOD-OCNL SEV,MOD-OCNL SEV,ZLA,5000,34.20067,-118.35867
2014-05-11 17:24:00+00:00,T,P28A,BUR UUA /OV EMT270010 /TM 1724 /FL020 /TP P28A /TB MOD-SEV 095-020,MOD-SEV 095-020,ZLA,2000,34.086,-118.23625659273488
2014-05-11 18:11:00+00:00,T,COL4,BUR UUA /OV BUR090005 /TM 1811 /FL060 /TP COL4 /TB MOD-SEV,MOD-SEV,ZLA,6000,34.20067,-118.2579050343488
2014-11-23 02:20:00+00:00,T,PC12,BUR UUA /OV BUR /TM 0220 /FL085 /TP PC12 /TB SEV,SEV,ZLA,8500,34.20067,-118.35867
2015-01-01 00:15:00+00:00,T,P28A,BUR UUA /OV BUR /TM 0015 /FL055 /TP P28A /TB SEV,SEV,ZLA,5500,34.20067,-118.35867
2015-01-13 23:22:00+00:00,T,C172,BUR UUA /OV BUR120003 /TM 2322 /FL050 /TP C172 /TB SEV,SEV,ZLA,5000,34.17566797499798,-118.30631098796076
2015-01-24 17:55:00+00:00,T,E50P,WHP UUA /OV BUR360010 /TM 1755 /FL100 /TP E50P /TB SEV,SEV,ZLA,10000,34.36735016668017,-118.35867
2015-04-26 05:17:00+00:00,T,EC45,BUR UUA /OV BUR090001 /TM 0517 /FL018 /TP EC45 /TB SEV /RM 180 DEGREE WIND CHANGE,SEV,ZLA,1800,34.20067,-118.33851700686976
2015-04-26 07:21:00+00:00,T,C182,BUR UUA /OV BUR135003 /TM 0721 /FL030 /TP C182 /TB SEV 040-030 /RM DURD,SEV 040-030,ZLA,3000,34.16531179715535,-118.3159190456892
2015-10-09 22:20:00+00:00,T,LGEZ,WHP UUA /OV BUR360010 /TM 2220 /FL070 /TP LGEZ /TB SEV,SEV,ZLA,7000,34.36735016668017,-118.35867
2015-12-26 15:24:00+00:00,T,BE20,WHP UUA /OV BUR360005 /TM 1524 /FL060 /TP BE20 /TB SEV,SEV,ZLA,6000,34.284010083340085,-118.35867
2015-12-26 18:00:00+00:00,T,DA40,BUR UUA /OV BUR150002 /TM 1800 /FL025 /TP DA40 /TB SEV /RM UDDFS 2000FPM,SEV,ZLA,2500,34.17180014826959,-118.33851700686976
2015-12-26 20:05:00+00:00,T,MU2,BUR UUA /OV BUR /TM 2005 /FL030 /TP MU2 /TB MOD OCNL SEV BLO 030 /RM DURD FA RWY 8,MOD OCNL SEV BLO 030,ZLA,3000,34.20067,-118.35867
2016-01-06 19:15:00+00:00,T,B737,BUR UUA /OV BUR /TM 1915 /FL030 /TP B737 /TB SEV 000-030 /RM DURC,SEV 000-030,ZLA,3000,34.20067,-118.35867
2016-02-08 00:34:00+00:00,T,C210,BUR UUA /OV BUR360003 /TM 0034 /FL055 /TP C210 /TB MOD-SEV,MOD-SEV,ZLA,5500,34.25067405000405,-118.35867
2016-02-15 00:41:00+00:00,T,FA20,WHP UUA /OV BUR360010 /TM 0041 /FL090 /TP FA20 /TB MOD-SEV,MOD-SEV,ZLA,9000,34.36735016668017,-118.35867
2016-10-16 19:08:00+00:00,T,EA40,BUR UUA /OV VNY090008 /TM 1908 /FL060 /TP EA40 /TB SEV,SEV,ZLA,6000,34.20972,-118.3279287441864
2016-12-02 14:55:00+00:00,F,PC12,BUR UA /OV 6 MILES E/O BUR/TM 1455/FL060/TP PC12/TB SEV 060/RM OVER DARTS INT,SEV 060,ZLA,6000,34.20067,-118.35867
2016-12-02 18:22:00+00:00,T,E135,BUR UUA /OV BUR /TM 1822 /FL030 /TP E135 /TB SEV 030-050 /RM RPTD BY SVRL ACFT 10NMR BUR,SEV 030-050,ZLA,3000,34.20067,-118.35867
2016-12-24 03:32:00+00:00,F,PC12,BUR UA /OV KBUR 3 E/TM 0332/FL060/TP PC12/TB MOD-SEVERE/RM DURD,MOD-SEVERE,ZLA,6000,34.20067,-118.35867
2017-01-20 20:20:00+00:00,T,C650,BUR UUA /OV BUR135003 /TM 2020 /FL070 /TP C650 /TB SEV,SEV,ZLA,7000,34.16531179715535,-118.3159190456892
2017-01-20 20:22:00+00:00,T,DH8A,WHP UUA /OV BUR360010 /TM 2022 /FL090 /TP DH8A /TB SEV /RM STRUCK BY LIGHTNING,SEV,ZLA,9000,34.36735016668017,-118.35867
2017-01-27 20:50:00+00:00,F,PC12,BUR UA /OV BUR/TM 2050/FL075/TP PC12/TB SEV BLO 080,SEV BLO 080,ZLA,7500,34.20067,-118.35867
2017-01-27 20:50:00+00:00,T,PC12,BUR UUA /OV BUR/TM 2050/FL075/TP PC12/TB SEV BLO 080/RM COR MSG TYPE. ZLA CWSU,SEV BLO 080,ZLA,7500,34.20067,-118.35867
2017-02-12 17:45:00+00:00,T,PA46,BUR UUA /OV BUR090004/TM 1745/FL090/TP PA46/TB MOD-SEV/RM COR MSG TYPE. ZLA CWSU,MOD-SEV,ZLA,9000,34.20067,-118.27805802747903
2017-02-12 17:45:00+00:00,F,PA46,BUR UA /OV BUR 4 E/TM 1745/FL090/TP PA46/TB MDT - SEV,MDT - SEV,ZLA,9000,34.20067,-118.35867
2017-04-04 16:33:00+00:00,T,C402,LEB UUA /OV BURGR/TM 1633/FL045/TP C402/TA 00/TB MOD-SEV 075-070/IC LGT RIME BLO 045,MOD-SEV 075-070,ZLA,4500,34.20067,-118.35867
2017-04-28 19:00:00+00:00,F,C206,BUR UA /OV EMT/TM 1900/FL075/TP C206/TB SEVERE,SEVERE,ZLA,7500,34.086,-118.035
2017-12-05 22:57:00+00:00,F,BE36,BUR UA /OV KEMT 27005/TM 2257/FL065/TP BE36/TB TB MOD-SEV,TB MOD-SEV,ZLA,6500,34.20067,-118.35867
2017-12-06 17:57:00+00:00,T,E135,BUR UUA /OV 4 MILES WEST/TM 1757/FL020/TP E135/TB MOD-SEV,MOD-SEV,ZLA,2000,34.20067,-118.35867
2017-12-06 17:57:00+00:00,T,E135,BUR UUA /OV BUR260004/TM 1757/FL020/TP E135/TB MOD-SEV/RM COR LOCTN. ZLA CWSU,MOD-SEV,ZLA,2000,34.18909251712111,-118.43805729552426
2017-12-14 19:15:00+00:00,F,C182,BUR UA /OV VNY270008/TM 1915/FL040/TP C182/TB SEV 040,SEV 040,ZLA,4000,34.20972,-118.6504112558136
2017-12-21 03:53:00+00:00,F,CL60,BUR UA /OV VNY/TM 0353/FL040/TP CL60/TB SEV BLO 40,SEV BLO 40,ZLA,4000,34.20972,-118.48917
2017-12-21 16:48:00+00:00,F,C425,BUR UA /OV BUR 7 NORTH/TM 1648/FL090/TP C425/TB SEV 090,SEV 090,ZLA,9000,34.20067,-118.35867
2018-01-27 19:09:00+00:00,F,BE35,BUR UA /OV BUR360005/TM 1909/FL070/TP BE35/TB MOD-SEV 060-070,MOD-SEV 060-070,ZLA,7000,34.284010083340085,-118.35867
2018-01-27 21:00:00+00:00,F,C414,BUR UA /OV VNY360010/TM 2100/FL055/TP C414/TB SEV,SEV,ZLA,5500,34.37640016668016,-118.48917
2018-01-28 20:58:00+00:00,T,C441,BUR UUA /OV BUR/TM 2058/FL045/TP C441/TB TB MOD-SEV BLO 045 DURC RWY 33,TB MOD-SEV BLO 045 DURC RWY 33,ZLA,4500,34.20067,-118.35867
2018-03-26 14:05:00+00:00,T,PC12,WHP UUA /OV BUR360008/TM 1405/FL080/TP PC12/TB MOD-SEV/RM COR SA-ID AND MSG TYPE. ZLA CWSU,MOD-SEV,ZLA,8000,34.334014133344134,-118.35867
2018-10-15 15:15:00+00:00,F,PA28,BUR UA /OV 7 NE BUR/TM 1515/FL070/TP PA28/TB SEVERE,SEVERE,ZLA,7000,34.2831724733042,-118.25891777327482
2018-11-11 20:48:00+00:00,T,E135,BUR UUA /OV KBUR/TM 2048/FL060/TP E135/SK CLR/WX 9SM FU/WV 16008KT/TB SEVRE TURB 5 MILES NORTH OF KBUR,SEVRE TURB 5 MILES NORTH OF KBUR,ZLA,6000,34.20067,-118.35867
2018-12-28 20:04:00+00:00,F,SR22,BUR UA /OV VNY065015/TM 2004/FL100/TP SR22/TB SEV/RM COR SA-ID AND LOCTN. ZLA CWSU,SEV,ZLA,10000,34.31538312346353,-118.21516836424608
2018-12-28 20:04:00+00:00,T,SR22,BUR UUA /OV VNY065015/TM 2004/FL100/TP SR22/TB SEV/RM COR MSG TYPE. ZLA CWSU,SEV,ZLA,10000,34.31538312346353,-118.21516836424608
2019-03-29 08:30:00+00:00,F,BE36,BUR UA /OV BUR/TM 0830/FL055/TP BE36/TB SEVERE TURB 8NE OF BUR @055,SEVERE TURB 8NE OF BUR @055,ZLA,5500,34.20067,-118.35867
2019-11-25 18:45:00+00:00,F,BE9L,BUR UA /OV DARTS/TM 1845/FL090/TP BE9L/TB SEVERE TURBULENCE,SEVERE TURBULENCE,ZLA,9000,34.20067,-118.35867
2019-11-25 18:45:00+00:00,F,C206,BUR UA /OV DARTS/TM 1845/FL055/TP C206/TB SEVERE TURBULENCE,SEVERE TURBULENCE,ZLA,5500,34.20067,-118.35867
2019-11-25 18:45:00+00:00,T,BE9L,BUR UUA /OV VNY095012/TM 1845/FL090/TP BE9L/TB SEV/RM OV DARTS. COR MSG TYPE AND LOCTN. ZLA CWSU,SEV,ZLA,9000,34.19228743952602,-118.24822847376728
2020-01-27 10:05:00+00:00,F,PC12,BUR UA /OV KBUR/TM 1005/FL030/TP PC12/WV GAINS AND LOSSES OF 10 KTS OR MORE 030 AND BELOW/TB SEVERE,SEVERE,ZLA,3000,34.20067,-118.35867
2020-01-29 21:05:00+00:00,T,E135,BUR UUA /OV VNY090015/TM 2105/FL080/TP E135/TB SEV/RM COR MSG TYPE. ZLA CWSU,SEV,ZLA,8000,34.20972,-118.18684264534951
2020-01-30 00:40:00+00:00,T,SF50,BUR UUA /OV VNY095012/TM 0040/FL065/TP SF50/TB SEV/RM OV DARTS. COR SA-ID AND LOCTN AND TURB. ZLA CWSU,SEV,ZLA,6500,34.19228743952602,-118.24822847376728
2020-01-30 01:00:00+00:00,T,P46T,BUR UUA /OV VNY095009 /TM 0100 /FL040 /TP P46T /TB SEV /RM SCTA550 BURBANK/ SX,SEV,ZLA,4000,34.19664557964452,-118.30846385532546
2020-02-03 10:05:00+00:00,F,GLEX,SAN UA /OV 10 N BUR/TM 1005/FL040/TP GLEX/TB SEV,SEV,ZLA,4000,34.36735016668017,-118.35867
2020-02-03 19:25:00+00:00,T,MO20,EMT UUA /OV BUR090010/TM 1925/FL055/TP MO20/TB MOD-SEV/RM COR SA-ID AND MSG TYPE. ZLA CWSU,MOD-SEV,ZLA,5500,34.20067,-118.1571400686976
2020-02-10 06:21:00+00:00,F,E50P,BUR UA /OV BUR/TM 0621/FL012/TP E50P/TB SEV,SEV,ZLA,1200,34.20067,-118.35867
2020-02-10 18:25:00+00:00,T,S22T,WHP UUA /OV BUR360010/TM 1825/FL075/TP S22T/TB SEV/RM COR SA-ID AND LOCTN. ZLA CWSU,SEV,ZLA,7500,34.36735016668017,-118.35867
2020-02-11 00:00:00+00:00,F,PA32,BUR UA /OV BUR V459 DARTS/TM 0000/FL9000/TP PA32/SK CLR/WX 10SM/TB SEVERE,SEVERE,ZLA,9000,34.20067,-118.35867
2020-03-01 17:10:00+00:00,T,PC12,WHP UUA /OV BUR345010/TM 1710/FL110/TP PC12/TA UNKN/TB SEV/IC MOD/RM ICE TYPE UNKN. COR SA-ID AND MSG TYPE AND LOCTN AND TURB AND ICE. ZLA CWSU,SEV,ZLA,11000,34.36167067772654,-118.41082978437927
2020-03-01 17:10:00+00:00,F,PC12,BUR UA /OV 10 NORTH OF BUR ON V459/TM 1710/FL110/TP PC12/TB SEVERE TURBULENCE /IC MODERATE /RM N/A OUTSIDE TEMP,SEVERE TURBULENCE,ZLA,11000,34.36735016668017,-118.35867
2020-03-01 22:15:00+00:00,F,EPIC,BUR UA /OV BUR36008/TM 2215/FL100/TP EPIC/TB SEVERE/RM MULTIPLE REPORTS FROM EPIC AND BE20,SEVERE,ZLA,10000,34.20067,-118.35867
2020-03-02 18:20:00+00:00,T,C172,BUR UUA /OV BUR/TM 1820/FL065/TP C172/TB SEVERE/RM DOWNDRAFTS,SEVERE,ZLA,6500,34.20067,-118.35867
2020-10-26 13:28:00+00:00,T,B350,BUR UUA /OV BUR035010/TM 1328/FL090/TP B350/TB SEV/RM COR SA-ID AND LOCTN AND TURB. ZLA CWSU,SEV,ZLA,9000,34.33720639927849,-118.2430771801855
2020-10-26 13:46:00+00:00,T,B350,BUR UUA /OV VNY095012/TM 1346/FL090/TP B350/TB CONS MOD OCNL SEV/RM +/-200 FT. +/-20 KT AIR SPEED. OV DARTS. COR SA-ID AND MSG TYPE AND LOCTN AND TURB. ZLA CWSU,CONS MOD OCNL SEV,ZLA,9000,34.19228743952602,-118.24822847376728
2020-10-26 16:50:00+00:00,T,S22T,VNY UUA /OV KBUR260006/TM 1650/FL022/TP S22T/WV 00000KT/TB SEV/RM WIND VRB04KT. COR SA-ID AND LOCTN AND WIND AND TURB. ZLA CWSU,SEV,ZLA,2200,34.183303775681665,-118.47775094328638
2020-10-26 16:51:00+00:00,T,BE9L,BUR UUA /OV SMO027007/TM 1651/FL017/TP BE9L/SK SKC/TB SEV/RM COR SA-ID AND LOCTN AND SKY. ZLA CWSU,SEV,ZLA,1700,34.124959181175385,-118.3831710140988
2020-11-28 00:35:00+00:00,T,SR20,BUR UUA /OV VNY077006 /TM 0035 /FL045 /TP SR20 /TB MOD-SEV /RM PILOTS HIT HEAD ON DASH,MOD-SEV,ZLA,4500,34.232216927539746,-118.37133851034515
2020-12-29 23:40:00+00:00,T,PA46,BUR UUA /OV 5 MILES NORTH KBUR/TM 2340/FL050/TP PA46/TB SEVERE,SEVERE,ZLA,5000,34.20067,-118.35867
2020-12-29 23:40:00+00:00,T,PA46,WHP UUA /OV KBUR350005/TM 2340/FL050/TP PA46/TB SEV/RM COR SA-ID AND LOCTN. ZLA CWSU,SEV,ZLA,5000,34.28274396021,-118.376167652658
2020-12-30 00:30:00+00:00,F,C560,BUR UA /OV DARTS INT/TM 0030/FL060 /TP C560/WV UPDRAFTS/TB MODERATE TO SEVERE /RM 060 ALTITUDE AND ABOVE,MODERATE TO SEVERE,ZLA,6000,34.20067,-118.35867
2020-12-30 04:10:00+00:00,F,B737,BUR UA /OV 10 TO 15 MILES EAST OF BUR/TM 0410/FL080 /TP B737/TB SEVERE,SEVERE,ZLA,8000,34.20067,-118.35867
2020-12-30 04:10:00+00:00,F,B737,BUR UA /OV 10 WEST OF BURBANK AP/TM 0410/FL080/TP B737/TB SEVERE,SEVERE,ZLA,8000,34.20067,-118.35867
2020-12-30 04:14:00+00:00,F,P46T,BUR UA /OV BUR /TM 0414/FL065/TP P46T/TB SEVERE,SEVERE,ZLA,6500,34.20067,-118.35867
2020-12-31 20:30:00+00:00,F,BE20,BUR UA /OV 5 EAST BUR/TM 2030/FL090/TP BE20/SK CLR/WX 10SM/TB SEVERE,SEVERE,ZLA,9000,34.20067,-118.2579050343488
2021-02-21 23:15:00+00:00,F,GLF4,BUR UA /OV 5 WEST OF VNY/TM 2315/FL050/TP GLF4/TB MODERATE TO SEVERE TURBULENCE,MODERATE TO SEVERE TURBULENCE,ZLA,5000,34.20972,-118.5899457848835
2021-02-22 05:50:00+00:00,F,PA46,BUR UA /OV 5 NW VNY/TM 0550/FL047/TP PA46/TB SEVERE TURBULENCE,SEVERE TURBULENCE,ZLA,4700,34.257521908007405,-118.57172069020214
2021-03-13 23:15:00+00:00,F,C172,BUR UA /OV BUR100010/TM 2315/FL6000/TP C172/TB SEVERE,SEVERE,ZLA,6000,34.171726292802774,-118.16020176118938
2021-03-13 23:30:00+00:00,F,GLAS,BUR UA /OV BUR360005/TM 2330/FL6000/TP GLAS/TB SEVERE/RM DURD TO 5000,SEVERE,ZLA,6000,34.284010083340085,-118.35867
2021-03-24 14:15:00+00:00,F,C182,BUR UA /OV 12 NE SMO/TM 1415/FL4500/TP C182/TB SEV TURB/RM GAINS AND LOSSES OF 20 KTS,SEV TURB,ZLA,4500,34.16243281137862,-118.2764390070324
2021-03-24 17:10:00+00:00,T,PC12,BUR UUA /OV VNY045012/TM 1710/FL080/TP PC12/TB SEV 080-070/RM DURD. COR MSG TYPE AND TURB. ZLA CWSU,SEV 080-070,ZLA,8000,34.35115281137862,-118.31814782191076
2021-03-24 17:10:00+00:00,F,PC12,BUR UA /OV 12 NE VNY/TM 1710/FL080/TP PC12/TB SEVERE TURB 080-070 IN DESCENT,SEVERE TURB 080-070 IN DESCENT,ZLA,8000,34.35115281137862,-118.31814782191076
2021-04-18 15:15:00+00:00,F,PC12,BUR UA /OV BUR/TM 1515/FL7000/TP PC12/TB SEVERE,SEVERE,ZLA,7000,34.20067,-118.35867
2021-04-18 15:45:00+00:00,F,BE9L,BUR UA /OV KBUR09010/TM 1545/FL035/TP BE9L/TB SEVERE,SEVERE,ZLA,3500,34.20067,-118.35867
2021-04-28 16:22:00+00:00,F,DA40,BUR UA /OV KBUR09010/TM 1622/FL045/TP DA40/TB MODERATE TO SEVERE,MODERATE TO SEVERE,ZLA,4500,34.20067,-118.35867
2021-04-28 16:22:00+00:00,T,DA40,EMT UUA /OV KBUR090010/TM 1622/FL045/TP DA40/TB MOD-SEV/RM COR SA-ID AND MSG TYPE AND LOCTN. ZLA CWSU,MOD-SEV,ZLA,4500,34.20067,-118.1571400686976
2021-04-28 18:20:00+00:00,T,GLF4,BUR UUA /OV VNY095012/TM 1820/FL090/TP GLF4/TB MOD-SEV 090-060/RM DURD OV DARTS. COR MSG TYPE AND LOCTN AND TURB. ZLA CWSU,MOD-SEV 090-060,ZLA,9000,34.19228743952602,-118.24822847376728
2021-04-28 18:20:00+00:00,F,GLF4,BUR UA /OV DARTS/TM 1820/FL090/TP GLF4/TB SEVERE/RM MODERATE TO SEVERE TURB DURD FL090-FL060,SEVERE,ZLA,9000,34.20067,-118.35867
2021-04-28 18:20:00+00:00,T,GLF4,BUR UUA /OV BUR110006 /TM 1820 /FL090 /TP GLF4 /TB SEV-MOD 090-060 /RM OV DARTS DURD,SEV-MOD 090-060,ZLA,9000,34.16646521530151,-118.2450442864126
2021-05-02 18:55:00+00:00,F,C172,BUR UA /OV ROKKR/TM 1855/FL110/TP C172/TB SEVERE/RM 070-110FT,SEVERE,ZLA,11000,34.20067,-118.35867
2021-08-16 22:08:00+00:00,T,E145,DAN UUA /OV BURRZ/TM 2208/FL200/TP E145/TB SEV,SEV,ZLA,20000,34.20067,-118.35867
2021-11-22 02:53:00+00:00,F,C172,BUR UA /OV 6W VNY/TM 0253/FL035/TP C172/TB SEVERE TURB,SEVERE TURB,ZLA,3500,34.20972,-118.6101009418602
2021-11-25 01:09:00+00:00,T,R44,BUR UUA /OV BUR170004/TM 0109/FL017/TP R44/TB SEV-EXTRM/RM CAHUENGA PASS. COR LOCTN AND TURB. ZLA CWSU,SEV-EXTRM,ZLA,1700,34.135010831832005,-118.3446718778736
2021-11-25 02:10:00+00:00,T,C172,BUR UUA /OV BUR/TM 0210/FL052/TP C172/TB MOD-SEV/RM S OF BUR. COR TURB. ZLA CWSU,MOD-SEV,ZLA,5200,34.20067,-118.35867
2021-12-24 02:50:00+00:00,F,BE99,BUR UA /OV BUR090004/TM 0250/FL070/TP BE99/TB MOD-SEV TURB/RM DURD,MOD-SEV TURB,ZLA,7000,34.20067,-118.27805802747903
2022-01-22 17:00:00+00:00,F,B738,BUR UA /OV BUR/TM 1700/FL010/TP B738/TB SEV/RM SEV TB STARTED AT 010 AND LASTED 5 MINUTES ON CLIMBOUT...LOSS OF 25KTS,SEV,ZLA,1000,34.20067,-118.35867
2022-01-23 03:19:00+00:00,T,R44,BUR UUA /OV BUR/TM 0319/FL018/TP R44/WV 030/21G34/TB MOD-SEV/RM MODERATE TO SEVERE TURBULANCE OVER VNY CITY HALL AT 018 REPORTED BY A R44 HELICOPTER,MOD-SEV,ZLA,1800,34.20067,-118.35867
2022-02-02 16:35:00+00:00,F,C560,BUR UA /OV VNY300008/TM 1635/FL050/TP C560/TB SEVERE TURB/RM OVER OAT MOUNTAIN,SEVERE TURB,ZLA,5000,34.27639206667207,-118.62880902367267
2022-02-02 20:35:00+00:00,F,GLF5,BUR UA /OV 8 NW VNY/TM 2035/FL050/TP GLF5/TB SEVERE TURB,SEVERE TURB,ZLA,5000,34.28620305281184,-118.62125110432342
2022-02-10 15:10:00+00:00,T,SR22,BUR UUA /OV VNY095012/TM 1510/FL060/TP SR22/TB SEV/RM OV DARTS. COR SA-ID AND LOCTN AND TURB. ZLA CWSU,SEV,ZLA,6000,34.19228743952602,-118.24822847376728
2022-02-21 21:20:00+00:00,T,BE20,BUR UUA /OV VNY035015/TM 2120/FL080/TP BE20/TB SEV 080-070/RM DURD. COR SA-ID AND LOCTN AND ALT AND TURB. ZLA CWSU,SEV 080-070,ZLA,8000,34.41452459891773,-118.31576215330814
2022-03-05 23:15:00+00:00,F,GALX,BUR UA /OV BUR/TM 2315/FL060/TP GALX/TA UNKN/TB MOD - SEV TURB/IC LT RIME /RM IN THE CELL ABOVE BUR,MOD - SEV TURB,ZLA,6000,34.20067,-118.35867
2022-03-16 23:52:00+00:00,T,BE35,BUR UUA /OV VNY095012/TM 2352/FL075/TP BE35/TB SEV/RM OV DARTS. COR MSG TYPE AND LOCTN. ZLA CWSU,SEV,ZLA,7500,34.19228743952602,-118.24822847376728
2022-03-21 00:23:00+00:00,F,C550,BUR UA /OV VNY/TM 0023/FL060/TP C550/TB SEV CHOP,SEV CHOP,ZLA,6000,34.20972,-118.48917
2022-03-21 00:32:00+00:00,F,P46T,BUR UA /OV VNY34015/TM 0032/FL110/TP P46T/TB MOD-SEV,MOD-SEV,ZLA,11000,34.20972,-118.48917
2022-04-25 20:25:00+00:00,T,PA27,BUR UUA /OV VNY340008/TM 2025/FL028/TP PA27/TB SEV/RM NEWHALL PASS NORTH OF WHP  CAUSED 40 DEGREE ROLL. IMPROVED CONDITIONS HIGHER ALT.,SEV,ZLA,2800,34.33502249812857,-118.54431775742336
2022-04-25 20:25:00+00:00,T,PA27,BUR UUA /OV VNY340008/TM 2025/FL028/TP PA27/TB SEV/RM NEWHALL PASS NORTH OF WHP  CAUSED 40 DEGREE ROLL. IMPROVED CONDITIONS HIGHER ALT,SEV,ZLA,2800,34.33502249812857,-118.54431775742336
2022-11-16 16:41:00+00:00,T,PA46,BUR UUA /OV BUR/TM 1641/FL080/TP PA46/TB MOD-SEV,MOD-SEV,ZLA,8000,34.20067,-118.35867
2022-11-16 16:45:00+00:00,T,PA46,BUR UUA /OV BUR360002/TM 1645/FL060/TP PA46/TB SEV,SEV,ZLA,6000,34.23400603333604,-118.35867
2022-11-16 17:04:00+00:00,T,PC12,BUR UUA /OV BUR360010/TM 1704/FL090/TP PC12/TB SEV,SEV,ZLA,9000,34.36735016668017,-118.35867
2022-11-16 17:42:00+00:00,T,BE36,BUR UUA /OV BUR300003/TM 1742/FL038/TP BE36/TB SEV/RM DOWNDRAFT,SEV,ZLA,3800,34.22567202500203,-118.41102901203924
2022-11-20 01:07:00+00:00,T,BE30,BUR UUA /OV VNY310009/TM 0107/FL050/TP BE30/TB SEV,SEV,ZLA,5000,34.306145951330244,-118.62812771401973
2023-01-23 18:19:00+00:00,T,C152,BUR UUA /OV BUR11009/TM 1819/FL050/TP C152/TB MOD-SEV,MOD-SEV,ZLA,5000,34.20067,-118.35867
2023-01-23 18:19:00+00:00,T,C152,CQT UUA /OV BUR110009 /TM 1819 /FL050 /TP C152 /TB MOD-SEV,MOD-SEV,ZLA,5000,34.149362822952256,-118.18823142961888
2023-01-23 18:19:00+00:00,T,C152,BUR UUA /OV BUR110009/TM 1819/FL050/TP C152/TB MOD-SEV/RM COR LOCTN. ZLA CWSU,MOD-SEV,ZLA,5000,34.149362822952256,-118.18823142961888
2023-01-23 19:25:00+00:00,F,C172,BUR UA /OV 10 W EMT/TM 1925/FL050/TP C172/TB SEVERE,SEVERE,ZLA,5000,34.086,-118.23625659273488
2023-01-23 19:25:00+00:00,T,C172,BUR UUA /OV EMT270010/TM 1925/FL050/TP C172/TB SEV/RM COR MSG TYPE. ZLA CWSU,SEV,ZLA,5000,34.086,-118.23625659273488
2023-01-23 22:08:00+00:00,T,BE76,BUR UUA /OV VNY180005/TM 2208/FL040/TP BE76/TB MOD-SEV,MOD-SEV,ZLA,4000,34.126379916659914,-118.48917
2023-01-26 18:00:00+00:00,T,P46T,BUR UUA /OV BUR080003/TM 1800/FL060/TP P46T/TB SEV/RM COR MSG TYPE AND LOCTN. ZLA CWSU,SEV,ZLA,6000,34.20935311215917,-118.2991295283568
2023-01-26 18:00:00+00:00,F,P46T,BUR UA /OV BUR 3 EAST/TM 1800/FL060/TP P46T/TB SEVERE,SEVERE,ZLA,6000,34.20067,-118.35867
2023-01-31 18:00:00+00:00,T,TBM9,BUR UUA /OV BUR030005/TM 1800/FL110/TP TBM9/TB MOD-SEV 110-050/RM COR LOCTN. ZLA CWSU,MOD-SEV 110-050,ZLA,11000,34.27284462932602,-118.3082875171744
2023-01-31 18:00:00+00:00,T,TBM9,BUR UUA /OV BUR03005/TM 1800/FL110/TP TBM9/TB MOD-SEV 110-050,MOD-SEV 110-050,ZLA,11000,34.20067,-118.35867
2023-01-31 23:40:00+00:00,T,C172,BUR UUA /OV BUR/TM 2340/FL050/TP C172/TB SEV,SEV,ZLA,5000,34.20067,-118.35867
2023-02-05 18:48:00+00:00,F,PC12,BUR UA /OV 8 SOUTH OF L70/TM 1848/FL8000/TP PC12/TB SEVERE,SEVERE,ZLA,8000,34.36665586665587,-118.31
2023-02-07 16:22:00+00:00,T,P28A,BUR UUA /OV VNY270007/TM 1622/FL040/TP P28A/TB MOD-SEV,MOD-SEV,ZLA,4000,34.20972,-118.6302560988369
2023-02-15 17:20:00+00:00,T,P28A,BUR UUA /OV BUR100008/TM 1720/FL050/TP P28A/TB MOD-SEV,MOD-SEV,ZLA,5000,34.17751503424222,-118.1998954089515
2023-02-25 06:03:00+00:00,T,E75L,BUR UUA /OV KBUR/TM 0603/FL050/TP E75L/TB MOD-SEV BLO 050/RM DURC,MOD-SEV BLO 050,ZLA,5000,34.20067,-118.35867
2023-03-24 16:26:00+00:00,T,C172,BUR UUA /OV VNY/TM 1626/FL050/TP C172/TB MOD SEV,MOD SEV,ZLA,5000,34.20972,-118.48917
2023-04-04 20:20:00+00:00,T,BE33,BUR UUA /OV BUR010010/TM 2020/FL090/TP BE33/TB MOD-SEV 090,MOD-SEV 090,ZLA,9000,34.364817920419995,-118.323674694684
2023-10-30 14:25:00+00:00,T,BE36,BUR UUA /OV VNY300005/TM 1425/FL045/TP BE36/TB MOD OCNL SEV,MOD OCNL SEV,ZLA,4500,34.25139004167004,-118.57644438979544
2023-11-09 03:25:00+00:00,T,C172,BUR UUA /OV BUR/TM 0325/FL050/TP C172/TB MOD-SEV,MOD-SEV,ZLA,5000,34.20067,-118.35867
2023-11-18 04:30:00+00:00,T,BE36,WHP UUA /OV BUR305005/TM 0430/FL080/TP BE36/TB SEV BLO 080/RM DURD. COR SA-ID AND LOCTN. ZLA CWSU,SEV BLO 080,ZLA,8000,34.24847190800741,-118.4412118276059
2023-11-18 04:30:00+00:00,T,BE36,BUR UUA /OV 5 NW OF BUR/TM 0430/FL080/TP BE36/TB SEV TURB IN DESCENT BLO 080,SEV TURB IN DESCENT BLO 080,ZLA,8000,34.24847190800741,-118.4412118276059
2023-11-18 04:55:00+00:00,T,P28A,BUR UUA /OV BUR100010/TM 0455/FL050/TP P28A/TB SEV/RM EASTBOUND V186. COR LOCTN. ZLA CWSU,SEV,ZLA,5000,34.171726292802774,-118.16020176118938
2023-11-18 04:55:00+00:00,T,P28A,BUR UUA /OV 10 E OF BUR/TM 0455/FL050/TP P28A/TB SEV TURB /RM EASTBOUND V186,SEV TURB,ZLA,5000,34.20067,-118.1571400686976
2023-11-19 15:41:00+00:00,T,M20P,BUR UUA /OV BUR090005/TM 1541/FL050/TP M20P/TB SEV/RM I HAD TO PUT THE GEAR DOWN TO HELP SLOW DOWN THE AIRCRAFT ENOUGH TO HANDLE THE CONDITIONS.,SEV,ZLA,5000,34.20067,-118.2579050343488
2023-11-19 15:41:00+00:00,T,M20P,BUR UUA /OV BUR090005/TM 1541/FL050/TP M20P/TB SEV/RM I HAD TO PUT THE GEAR DOWN TO HELP SLOW DOWN THE AIRCRAFT ENOUGH TO HANDLE THE CONDITIONS,SEV,ZLA,5000,34.20067,-118.2579050343488
2023-11-20 14:45:00+00:00,T,B350,BUR UUA /OV BUR360010/TM 1445/FL080/TP B350/TB MOD OCNL SEV,MOD OCNL SEV,ZLA,8000,34.36735016668017,-118.35867
2023-11-20 17:17:00+00:00,T,G280,BUR UUA /OV VNY280009/TM 1717/FL050/TP G280/TB SEV,SEV,ZLA,5000,34.2357693364775,-118.66781059368448
2023-11-20 18:05:00+00:00,T,SR22,BUR UUA /OV DARTS/TM 1805/FL040/TP SR22/TB SEV,SEV,ZLA,4000,34.20067,-118.35867
2023-11-20 18:42:00+00:00,T,BE30,BUR UUA /OV VNY270010/TM 1842/FL060/TP BE30/TB SEV,SEV,ZLA,6000,34.20972,-118.69072156976698
2023-11-20 20:05:00+00:00,T,C700,BUR UUA /OV VNY280008/TM 2005/FL050/TP C700/TB SEV,SEV,ZLA,5000,34.23287496575778,-118.64796163883064
2023-11-20 20:05:00+00:00,T,CRJ2,BUR UUA /OV VNY260009/TM 2005/FL050/TP CRJ2/TB SEV,SEV,ZLA,5000,34.18367066352249,-118.66781059368448
2023-12-09 02:20:00+00:00,F,SW4,BUR UA /OV BUR350003/TM 0220/FL070/TP SW4/TB MOD TO SEV TURB,MOD TO SEV TURB,ZLA,7000,34.249914376126,-118.3691685915948
2024-01-06 02:05:00+00:00,T,C172,BUR UUA /OV VNY045010/TM 0205/FL065/TP C172/TB SEV,SEV,ZLA,6500,34.32758067614885,-118.34665151825898
2024-01-11 16:17:00+00:00,T,C208,BUR UUA /OV KBUR070008/TM 1617/FL100/TP C208/TB SEV 100-070/RM PILOT EXPERIENCED 3000 FOOT DOWNDRAFT FROM 100-070,SEV 100-070,ZLA,10000,34.246276379598,-118.20716904855011
2024-01-11 21:25:00+00:00,T,SR22,BUR UUA /OV BUR090005/TM 2125/FL055/TP SR22/TB SEV/RM COR LOCTN. ZLA CWSU,SEV,ZLA,5500,34.20067,-118.2579050343488
2024-01-11 21:25:00+00:00,T,SR22,BUR UUA /OV BUR09005/TM 2125/FL055/TP SR22/TB SEV 055,SEV 055,ZLA,5500,34.20067,-118.35867
2024-02-10 18:29:00+00:00,T,RV7,BUR UUA /OV DARTS/TM 1829/FL075/TP RV7/TB MOD TO SEV,MOD TO SEV,ZLA,7500,34.20067,-118.35867
2024-03-03 20:22:00+00:00,T,PC12,BUR UUA /OV BUR360003/TM 2022/FL090/TP PC12/TB SEV,SEV,ZLA,9000,34.25067405000405,-118.35867
2024-03-14 14:45:00+00:00,T,P28A,BUR UUA /OV VNY240008/TM 1445/FL060/TP P28A/TB SEV,SEV,ZLA,6000,34.14304793332793,-118.62880902367267
2024-03-14 17:10:00+00:00,T,SLNG,BUR UUA /OV VNY270012/TM 1710/FL060/TP SLNG/TB SEV/RM LOSS OF 1000 FEET 6000-5000,SEV,ZLA,6000,34.20972,-118.73103188372038
2024-03-14 17:31:00+00:00,T,PC12,BUR UUA /OV BUR290009/TM 1731/FL080/TP PC12/TB MOD-SEV,MOD-SEV,ZLA,8000,34.25197717704775,-118.52910857038113
2024-03-14 17:40:00+00:00,T,C208,BUR UUA /OV BUR/TM 1740/FL055/TP C208/TB SEV/RM LOSS OF 400 FEET,SEV,ZLA,5500,34.20067,-118.35867
2024-03-14 20:23:00+00:00,T,E145,BUR UUA /OV 2023/TM 2023/FL080/TP E145/TB MOD-OCNL SEV,MOD-OCNL SEV,ZLA,8000,34.20067,-118.35867
2024-03-18 19:46:00+00:00,F,BE36,BUR UA /OV DARTS/TM 1946/FL1100/TP BE36/TB MOD-SEV 110/RM MOD TO SEV TURB ON V459 SOUTHEASTBOUND OVR DARTS,MOD-SEV 110,ZLA,11000,34.20067,-118.35867
2024-03-18 21:20:00+00:00,T,P28A,BUR UUA /OV BUR040005/TM 2120/FL050/TP P28A/TB SEV TURB,SEV TURB,ZLA,5000,34.26451220773175,-118.29389952858892
2024-03-24 02:55:00+00:00,T,C56X,BUR UUA /OV VNY340009/TM 0255/FL045/TP C56X/TB MOD-SEV,MOD-SEV,ZLA,4500,34.350685310394645,-118.55121122710128
2024-04-09 16:50:00+00:00,F,P28A,BUR UA /OV VNY34005/TM 1650/FL030/TP P28A/TB SEV,SEV,ZLA,3000,34.20972,-118.48917
2024-07-12 21:10:00+00:00,T,SR22,BUR UUA /OV VNY235010/TM 2110/FL055/TP SR22/TB SEV,SEV,ZLA,5500,34.11411618398519,-118.65427138040428
2024-07-12 23:44:00+00:00,T,C206,BUR UUA /OV VNY265014/TM 2344/FL050/TP C206/TB SEV,SEV,ZLA,5000,34.18938201278036,-118.77026844727152
2024-09-30 19:03:00+00:00,T,C172,BUR UUA /OV PMD180020 /TM 1903 /FL075 /TP C172 /TB SEV /RM OMTNS,SEV,ZLA,7500,34.29602966663967,-118.08455
2024-10-18 23:30:00+00:00,F,DA40,BUR UA /OV VNY270015/TM 2330/FL050/TP DA40/TB MOD-SEV,MOD-SEV,ZLA,5000,34.20972,-118.79149735465047
2024-10-18 23:45:00+00:00,F,PA28,BUR UA /OV BUR010003/TM 2345/FL070/TP PA28/TB SEV,SEV,ZLA,7000,34.249914376126,-118.3481714084052
2024-10-19 17:10:00+00:00,F,LTSPT,BUR UA /OV WHP310007/TM 1710/FL050/TP LTSPT/TB SEV 050-020/RM SEVERE TURB REPORTED NEAR NEWHALL PASS BY A LIGHT-SPORT AIRCRAFT,SEV 050-020,ZLA,5000,34.33432796214575,-118.52157192040936
2024-10-29 01:45:00+00:00,F,M20P,BUR UA /OV VNY040010/TM 0145/FL080/TP M20P/TB MOD - SEV TURB/RM DURD 080-070,MOD - SEV TURB,ZLA,8000,34.33740441546348,-118.3596151482409
2024-11-04 17:45:00+00:00,F,BE36,BUR UA /OV 8 MILES NORTH OF BUR/TM 1745/FL065/TP BE36/TB SEVERE TURBULENCE,SEVERE TURBULENCE,ZLA,6500,34.20067,-118.35867
2024-11-12 21:50:00+00:00,F,SR22,BUR UA /OV BUR 4NE/TM 2150/FL080/TP SR22/SK CLR/WX 10/WV 36012G21/TB MOD SEV,MOD SEV,ZLA,8000,34.20067,-118.35867
2025-01-07 20:43:00+00:00,F,S22T,BUR UA /OV BUR/TM 2043/FL050/TP S22T/TB MOD-SEV/RM MOD-SEV TURB DURC,MOD-SEV,ZLA,5000,34.20067,-118.35867
2025-01-07 20:50:00+00:00,T,B737,BUR UUA /OV BUR320007/TM 2050/FL070/TP B737/TB MOD-SEV,MOD-SEV,ZLA,7000,34.290049090824446,-118.44934865997551
2025-01-07 21:49:00+00:00,T,A319,BUR UUA /OV BUR/TM 2149/FL060/TP A319/TB SEV,SEV,ZLA,6000,34.20067,-118.35867
2025-01-08 14:44:00+00:00,T,GLF5,BUR UUA /OV BUR/TM 1444/FL050/TP GLF5/TB SEV DURC AOB 060,SEV DURC AOB 060,ZLA,5000,34.20067,-118.35867
2025-01-08 14:44:00+00:00,T,GLF5,BUR UUA /OV BUR/TM 1444/FL050/TP GLF5/TB SEV BLO 060/RM DURC. COR TURB. ZLA CWSU,SEV BLO 060,ZLA,5000,34.20067,-118.35867
2025-01-08 14:45:00+00:00,T,C560,BUR UUA /OV VNY360005/TM 1445/FL060/TP C560/TB MOD-SEV SFC-060 DURC,MOD-SEV SFC-060 DURC,ZLA,6000,34.29306008334008,-118.48917
2025-01-08 17:41:00+00:00,T,B737,BUR UUA /OV VNY/TM 1741/FL050/TP B737/TB SEV,SEV,ZLA,5000,34.20972,-118.48917
2025-01-08 21:13:00+00:00,F,GLEX,BUR UA /OV VNY330008/TM 2113/FL060/TP GLEX/TB SEV BLO 060,SEV BLO 060,ZLA,6000,34.325199406921634,-118.5697906279068
2025-01-09 15:55:00+00:00,F,B737,BUR UA /OV BUR270003/TM 1555/FL010/TP B737/TB MOD-SEV 010-100,MOD-SEV 010-100,ZLA,1000,34.20067,-118.41912897939072
2025-01-09 19:02:00+00:00,T,E55P,BUR UUA /OV BUR100008/TM 1902/FL060/TP E55P/TB SEV/RM AIRCRAFT HAD TO DIVERT DUE TO SEVERE TURB,SEV,ZLA,6000,34.17751503424222,-118.1998954089515
2025-01-09 20:55:00+00:00,F,PA46,BUR UA /OV 8 MILES NE OF VNY/TM 2055/FL070/TP PA46/TB MODERATE TO SEVERE/RM SFC TO 070,MODERATE TO SEVERE,ZLA,7000,34.20067,-118.35867
2025-01-11 17:05:00+00:00,F,E175,BUR UA /OV BUR280005/TM 1705/FL050/TP E175/TB MOD-SEV 050-110,MOD-SEV 050-110,ZLA,5000,34.21514185359862,-118.45790411940531
2025-01-20 20:15:00+00:00,F,C310,BUR UA /OV BUR090010/TM 2015/FL065/TP C310/TB SEV/RM +/- 20KTS,SEV,ZLA,6500,34.20067,-118.1571400686976
2025-01-20 22:30:00+00:00,T,PA31,BUR UUA /OV DARTS/TM 2230/FL090/TP PA31/TB CONS MOD-SEV,CONS MOD-SEV,ZLA,9000,34.20067,-118.35867
2025-01-21 00:55:00+00:00,T,PA46,BUR UUA /OV VNY040005/TM 0055/FL070/TP PA46/TB MOS - SEV TURB/RM DURC 070-080,MOS - SEV TURB,ZLA,7000,34.27356220773174,-118.42439257412046
2025-01-21 03:48:00+00:00,F,SR20,BUR UA /OV BUR 5N/TM 0348/FL070/TP SR20/TB SEV,SEV,ZLA,7000,34.20067,-118.35867
2025-01-22 21:17:00+00:00,F,COZY,BUR UA /OV BUR360005/TM 2117/FL050/TP COZY/TB SEV,SEV,ZLA,5000,34.284010083340085,-118.35867
2025-01-23 01:30:00+00:00,F,C208,BUR UA /OV BUR360008/TM 0130/FL080/TP C208/TB SEV BLO 080,SEV BLO 080,ZLA,8000,34.334014133344134,-118.35867
2025-01-23 21:32:00+00:00,F,C208,BUR UA /OV 10 W VNY/TM 2132/FL080/TP C208/TB SEV TURB,SEV TURB,ZLA,8000,34.20972,-118.69072156976698
2025-01-25 06:20:00+00:00,F,B747,BUR UA /OV 15 SOUTH WEST VNY/TM 0620/FL080/TP B747/TB SEVERE,SEVERE,ZLA,8000,34.20067,-118.35867
