valid,urgent,aircraft,report,icing,turbulence,atrcc,product_id,fl,lat,lon
2005-01-02 21:21:00+00:00,F,GLF4,SLI UA /OV SLI/TM 2121/FL450/TP GLF4/TA M50/WV 22530KT/TB NEG,,NEG,ZLA,,45000,33.79,-118.052
2005-12-27 00:05:00+00:00,T,C560,LAX UUA /OV LAX130020/TM 0005/FL430/TP C560/TB MOD-SVR/RM ZLA,,MOD-SVR,ZLA,,43000,33.72388010815501,-118.07872343799696
2006-04-02 09:59:00+00:00,F,GLF2,LAX UA /OV LAX/TM 0959/FL430/TP GLF2/TA M68/WV 268062/TB NEG,,NEG,ZLA,,43000,33.93816,-118.38653
2006-12-16 19:34:00+00:00,F,GLF5,SNA UA /OV SNA-LAX/TM 1934/FL430/TP GLF5/TA M56/WV 249101KT/TB LGT-MOD 100 DURC CONT LGT CHOP FL430,,LGT-MOD 100 DURC CONT LGT CHOP FL430,ZLA,,43000,33.806915000000004,-118.127375
2007-01-02 10:20:00+00:00,F,UNKN,LAX UA /OV N2821 W12355/TM 1020/FL430/TP UNKN/TB LGT-MOD,,LGT-MOD,ZLA,,43000,33.93816,-118.38653
2009-08-25 05:12:00+00:00,F,C172,LAX UA /OV TEST/TM 0512/FL600/TP C172,,,ZLA,,60000,33.93816,-118.38653
2009-08-25 05:12:00+00:00,F,C172,LAX UA /OV TEST/TM 0512/FL600/TP C172,,,ZLA,,60000,33.93816,-118.38653
2014-03-26 20:32:00+00:00,T,C150,FUL UUA /OV FUL/TM 2032/FL800/TP C150/RM MOD TURB FA,,,ZLA,,80000,33.87,-117.98
2014-03-26 20:32:00+00:00,T,C150,FUL UUA /OV FUL/TM 2032/FL800/TP C150/RM MOD TURB FA,,,ZLA,,80000,33.87,-117.98
2014-03-26 20:32:00+00:00,T,C150,FUL UUA /OV FUL/TM 2032/FL800/TP C150/RM MOD TURB FA,,,ZLA,,80000,33.87,-117.98
2015-01-20 20:28:00+00:00,F,C182,KHHR UA /OV 2 MI/TM 2028/FL800/TP C182/SK OVC014/WX 2/WV 00000,,,ZLA,,80000,33.92284,-118.33519
2015-01-20 20:28:00+00:00,F,C182,KHHR UA /OV 2 MI/TM 2028/FL800/TP C182/SK OVC014/WX 2/WV 00000,,,ZLA,,80000,33.92284,-118.33519
2015-01-20 20:28:00+00:00,F,C182,KHHR UA /OV 2 MI/TM 2028/FL800/TP C182/SK OVC014/WX 2/WV 00000,,,ZLA,,80000,33.92284,-118.33519
2016-04-13 17:23:00+00:00,F,C172,KTOA UA /OV KTOA/TM 1723/FL800/TP C172/SK FEW018/RM BASES WEST OF FIELD 1800 FEW,,,ZLA,,80000,33.80339,-118.33961
2016-04-16 03:41:00+00:00,F,B737,BUR UA /OV 2 MILES NORTH OF VNY/TM 0341/FL5000/TP B737/TB MODERATE,,MODERATE,ZLA,,50000,34.20067,-118.35867
2016-04-25 15:08:00+00:00,F,PC12,LAX UA /OV LAX/TM 1508/FL6000/TP PC12/TB MODERATE,,MODERATE,ZLA,,60000,33.93816,-118.38653
2016-04-25 22:50:00+00:00,F,B737,KBUR UA /OV KBUR SHORT FINAL RY 33/TM 2250/FL500/TP B737/WV 27012G22/TB +/- 10 KNOT WIND SHEAR,,+,ZLA,,50000,34.20067,-118.35867
2016-05-15 23:27:00+00:00,F,SR22,LAX UA /OV POPPR/TM 2327/FL5000/TP SR22/SK SCT045/RM BASES 3700' TOPS 4800',,,ZLA,,50000,33.93816,-118.38653
2016-05-15 23:27:00+00:00,F,SR22,LAX UA /OV POPPR/TM 2327/FL5000/TP SR22/SK SCT045/RM BASES 3700' TOPS 4800,,,ZLA,,50000,33.93816,-118.38653
2016-05-17 13:40:00+00:00,F,H,LAX UA /OV LAX211/008/TM 1340/FL5000/TP H/A306B/SK OVC/RM BASES 2000' TOPS 3000',,,ZLA,,50000,33.93816,-118.38653
2016-05-17 13:40:00+00:00,F,H,LAX UA /OV LAX211/008/TM 1340/FL5000/TP H/A306B/SK OVC/RM BASES 2000' TOPS 3000,,,ZLA,,50000,33.93816,-118.38653
2016-05-17 15:00:00+00:00,F,B738,LAX UA /OV LAX210008/TM 1500/FL5000/TP B738/TB LIGHT TURBULENCE,,LIGHT TURBULENCE,ZLA,,50000,33.82268059307837,-118.4668925859486
2016-06-11 23:35:00+00:00,F,A320,LGB UA /OV 3 NE OF LGB/TM 2335/FL4800/TP A320/RM JBU A320 REPORTS TOPS AT 4800 AND BASES AT 3200,,,ZLA,,48000,33.84714820284466,-118.10460436111342
2016-06-11 23:35:00+00:00,F,A320,LGB UA /OV 3 NE OF LGB/TM 2335/FL4800/TP A320/RM JBU A320 REPORTS TOPS AT 4800 AND BASES AT 3200.,,,ZLA,,48000,33.84714820284466,-118.10460436111342
2016-06-12 15:43:00+00:00,F,A320,LGB UA /OV LGB /TM 1543/FL4900/TP A320 /RM A320 PILOT REPORTED TOPS AT 4900 3 MILES SW OF LGB,,,ZLA,,49000,33.81179,-118.14716
2016-09-23 16:08:00+00:00,F,E135,BUR UA /OV BUR/TM 1608/FL500/TP E135/RM +10 KTS ON FINAL RWY 8,,,ZLA,,50000,34.20067,-118.35867
2016-11-09 23:00:00+00:00,F,GLF5,LAX UA /OV 29N 138W/TM 2300/FL430/TP GLF5/TB LGT-MOD/RM ZOA CWSU,,LGT-MOD,ZLA,,43000,33.93816,-118.38653
2016-12-02 22:00:00+00:00,T,CRJ2,BUR UUA /OV BUR/TM 2200/FL700/TP CRJ2/RM LLWS +30KT SFC-400' AGL DURC RWY 33 BUR,,,ZLA,,70000,34.20067,-118.35867
2016-12-17 03:06:00+00:00,F,C25B,VNY UA /OV VNY /TM 0306 /FL430 /TP C25B /IC MOD CAT /RM ZLAWC AWC-WEB:,MOD CAT,,ZLA,,43000,34.20972,-118.48917
2016-12-17 03:06:00+00:00,F,C25B,VNY UA /OV VNY /TM 0306 /FL430 /TP C25B /IC MOD CAT /RM ZLAWC AWC-WEB,MOD CAT,,ZLA,,43000,34.20972,-118.48917
2016-12-20 22:10:00+00:00,F,B737,KBUR UA /OV BUR/TM 2210/FL500 /TP B737/RM 8 KT TAILWIND ON FINAL TO RY 8,,,ZLA,,50000,34.20067,-118.35867
2017-01-10 16:05:00+00:00,F,C208,SAN UA /OV TOA/TM 1605/FL5700/TP C208/SK TOPS 5700,,,ZLA,,57000,33.80339,-118.33961
2017-01-10 17:30:00+00:00,F,FA10,KLGB UA /OV KLGB/TM 1730/FL6000/TP FA10/RM TOPS 6000,,,ZLA,,60000,33.81179,-118.14716
2017-02-03 16:40:00+00:00,F,A320,LGB UA /OV 1 MILE SE LGB/TM 1640/FL900/TP A320/SK OVC009/RM BASES REPORTED AT 900FT,,,ZLA,,90000,33.81179,-118.14716
2017-02-17 22:40:00+00:00,F,C208,SNA UA /OV 5 NW SNA /TM 2240/FL5000/TP C208/IC LIGHT RIME,LIGHT RIME,,ZLA,,50000,33.723471908007404,-117.95025442471278
2017-03-27 20:56:00+00:00,F,P28A,EMT UA /OV EMT/TM 2056/FL5000/TP P28A/TB MODERATE,,MODERATE,ZLA,,50000,34.086,-118.035
2017-04-27 00:05:00+00:00,F,E170,LAX UA /OV SMO/TM 0005/FL9500/TP E170/TB MOD,,MOD,ZLA,,95000,34.021,-118.44708
2017-05-17 20:00:00+00:00,F,C25C,SMO UA /OV LLWS/TM 2000/FL700'/TP C25C,,,ZLA,,70000,34.021,-118.44708
2017-10-18 22:05:00+00:00,F,B737,KBUR UA /OV 15 MILES N OF KBUR/TM 2205/FL8000/TP B737/TB MODERATE,,MODERATE,ZLA,,80000,34.20067,-118.35867
2017-10-28 15:53:00+00:00,F,A321,LAX UA /OV 5 WEST OF LAX/TM 1553/FL800/TP A321/SK TOPS 800AGL,,,ZLA,,80000,33.93816,-118.48698323243576
2018-01-19 19:44:00+00:00,F,LJ60,FUL UA /OV SLI330010 /TM 1944 /FL450 /TP LJ60 /SK SKC /TA M60 /WV 24671KT /TB NEG,,NEG,ZLA,,45000,33.93434925865205,-118.15227906826794
2018-04-19 07:35:00+00:00,F,CRJ9,SNA UA /OV 10 NORTH SXC/TM 0735/FL8000/TP CRJ9/IC LIGHT RIME,LIGHT RIME,,ZLA,,80000,33.54668016668017,-118.42
2018-06-16 17:55:00+00:00,F,B737,LAX UA /OV LAX/TM 1755/FL5000/TP B737/SK BASES: 2 400; TOPS: 4 100,,,ZLA,,50000,33.93816,-118.38653
2018-10-01 00:47:00+00:00,F,FA7X,LAX UA /OV 30N 138W/TM 0047/FL430/TP FA7X/TB MOD/RM ZOA CWSU,,MOD,ZLA,,43000,33.93816,-118.38653
2018-12-28 03:36:00+00:00,F,CRJ7,LAX UA /OV SMO255011/TM 0336/FL6000/TP CRJ7/TB MOD SFC-6900/RM RPRTD ON CLIMBOUT WESTBOUND FROM KLAX VIA LADJ DEPT SFC-6900,,MOD SFC-6900,ZLA,,60000,33.97354599826454,-118.66075493704402
2018-12-31 21:44:00+00:00,F,C25B,LAX UA /OV LAX090010/TM 2144/FL9000/TP C25B/TA M01/IC LGT RIME,LGT RIME,,ZLA,,90000,33.93816,-118.18562353512846
2019-01-08 22:20:00+00:00,F,DA40,EMT UA /OV /OV EMT /TM 2220/FL500/TP DA40/SK CLR/WX 10 /TA 23/WV 14007,,,ZLA,,50000,34.086,-118.035
2019-01-14 16:35:00+00:00,F,B350,LAX UA /OV SLI260005/TM 1635/FL9000/TP B350/TA M02/TB MOD/IC MOD RIME,MOD RIME,MOD,ZLA,,90000,33.775528146401385,-118.1507556038951
2019-01-16 01:35:00+00:00,T,E135,BUR UUA /OV BUR/TM 0135/FL800/TP E135/RM LLWS -15KT RY8 DURD,,,ZLA,,80000,34.20067,-118.35867
2019-01-21 21:20:00+00:00,T,R22,EMT UUA /OV EMT/OV/TM 2120/FL500/TP R22/SK CLR/WX 10/TA 16/WV 27012G22/RM LOSS OF 10KTS SHORT FINAL,,,ZLA,,50000,34.086,-118.035
2019-01-21 21:43:00+00:00,F,C172,LAX UA /OV SMO250012/TM 2143/FL5600/TP C172/TB MOD,,MOD,ZLA,,56000,33.952590430603,-118.67384926054388
2019-01-22 00:37:00+00:00,F,C182,LAX UA /OV 5N OF LAX/TM 0037/FL6000/TP C182/TB SEVER/RM UP AND DOWN DRAFTS UP TO 500FT 20KTS LOSS,,SEVER,ZLA,,60000,34.02150008334009,-118.38653
2019-01-22 00:37:00+00:00,F,C182,LAX UA /OV LAX/TM 0037/FL6000/TP C182/TB SEVERE,,SEVERE,ZLA,,60000,33.93816,-118.38653
2019-02-02 17:55:00+00:00,F,B737,LAX UA /OV LAX/TM 1755/FL5000/TP B737/TB MOD/RM LAX DEPT OVER SLI EXPECT MOD TURB,,MOD,ZLA,,50000,33.93816,-118.38653
2019-02-02 19:11:00+00:00,F,A320,LAX UA /OV LAX/TM 1911/FL6000/TP A320/TB MOD/RM LAX DEPT MOD TURB THROUGH 6000  SMOOTH ABOVE 6000,,MOD,ZLA,,60000,33.93816,-118.38653
2019-02-10 04:11:00+00:00,F,C425,LAX UA /OV LAX280012/TM 0411/FL6500/TP C425/TB MOD TURB 6000-7000,,MOD TURB 6000-7000,ZLA,,65000,33.97289244863668,-118.62395509308293
2019-02-15 21:57:00+00:00,F,GLF4,LAX UA /OV CPM/TM 2157/FL8000/TP GLF4/TA UNK/IC LT RIM,LT RIM,,ZLA,,80000,33.88,-118.24
2019-02-17 18:57:00+00:00,F,AA5,LAX UA /OV VTU085010/TM 1857/FL6000/TP AA5/TA UNK/IC LT RIME,LT RIME,,ZLA,,60000,34.13452713372831,-118.8494286728981
2019-02-17 19:13:00+00:00,F,B737,LAX UA /OV LAX250008/TM 1913/FL4500/TP B737/RM BASE 4500 TOPS 6500,,,ZLA,,45000,33.892553620402005,-118.53756225800636
2019-02-22 17:14:00+00:00,F,PC12,LAX UA /OV SMO265005/TM 1714/FL5000/TP PC12/TB MOD,,MOD,ZLA,,50000,34.01373643313585,-118.54724854183972
2019-03-01 03:34:00+00:00,F,B752,LAX UA /OV LAX250005/TM 0334/FL800/TP B752/RM BASE 800 TOPS 2000,,,ZLA,,80000,33.909656012751256,-118.48092516125398
2019-03-01 03:55:00+00:00,F,A319,LAX UA /OV LAX250005/TM 0355/FL600/TP A319/RM BASES 600 TOPS 1500,,,ZLA,,60000,33.909656012751256,-118.48092516125398
2019-03-01 15:25:00+00:00,F,A319,LAX UA /OV LAX250003/TM 1525/FL700/TP A319/RM BASE 700 TOPS 1900,,,ZLA,,70000,33.92105760765075,-118.4431670967524
2019-03-02 15:23:00+00:00,F,PC12,BUR UA /OV BUR 15N/TM 1523/FL7500/TP PC12/SK BKN010 OVC015/WX 8/TB MOD,,MOD,ZLA,,75000,34.20067,-118.35867
2019-03-03 15:11:00+00:00,F,CRJ7,LAX UA /OV LAX250008/TM 1511/FL800/TP CRJ7/RM BASES 800 TOPS 4500,,,ZLA,,80000,33.892553620402005,-118.53756225800636
2019-03-03 16:42:00+00:00,F,B763,LAX UA /OV LAX250005/TM 1642/FL4300/TP B763/RM TOPS 4300,,,ZLA,,43000,33.909656012751256,-118.48092516125398
2019-03-07 02:25:00+00:00,F,A330,LAX UA /OV LAX/TM 0225/FL800/TP A330/RM BASE 800,,,ZLA,,80000,33.93816,-118.38653
2019-03-20 21:45:00+00:00,F,BE20,LAX UA /OV LAX090005/TM 2145/FL8000/TP BE20/TA M03/IC LT CLR,LT CLR,,ZLA,,80000,33.93816,-118.28607676756424
2019-03-21 23:44:00+00:00,F,M20P,LAX UA /OV EMT210005/TM 2344/FL9000/TP M20P/TA M08/IC LT RM,LT RM,,ZLA,,90000,34.01382537067398,-118.08531414818373
2019-04-21 02:58:00+00:00,F,A321,LAX UA /OV LAX250012/TM 0258/FL5000/TP A321/RM TOPS FOR LAX DEPARTURES AT 5000,,,ZLA,,50000,33.869750430603005,-118.61307838700957
2019-05-08 22:22:00+00:00,F,B737,LAX UA /OV LAX251005/TM 2222/FL4500/TP B737/RM TOPS 4500,,,ZLA,,45000,33.911027122874664,-118.481510397247
2019-05-09 22:07:00+00:00,F,SR22,LAX UA /OV KTOA/TM 2207/FL4300/TP SR22/RM BASE 4300 TOPS 5200,,,ZLA,,43000,33.80339,-118.33961
2019-05-22 21:14:00+00:00,F,SF50,LAX UA /OV LAX050015/TM 2114/FL9000/TP SF50/TA M04/IC LT RIME,LT RIME,,ZLA,,90000,34.09886991888375,-118.15567507849772
2019-07-07 03:50:00+00:00,F,B787,LAX UA /OV RY24R FINAL/TM 0350/FL800/TP B787,,,ZLA,,80000,33.93816,-118.38653
2019-08-05 13:55:00+00:00,F,E75L,KLAX UA /OV KLAX/TM 1355/FL600'/TP E75L/SK OVC/RM RY25L TOPS 1000 BASES 600,,,ZLA,,60000,33.93816,-118.38653
2019-09-08 08:53:00+00:00,F,B737,LAX UA /OV FILMORE VORTAC/TM 0853/FL8000/TP B737/SK CLR /TB MOD,,MOD,ZLA,,80000,33.93816,-118.38653
2019-09-15 16:10:00+00:00,T,B737,KLAX UUA /OV KLAX/TM 1610/FL950/TP B737/SK TOPS 1000 BASES 450 ON FINAL RWY25L,,,ZLA,,95000,33.93816,-118.38653
2019-10-20 16:47:00+00:00,T,BE23,LAX UUA /OV VTU100014/TM 1647/FL6000/TP BE23/TB SEV BLO 6000/RM UNABLE TO MAINTAIN ALT AT FULL POWER OVER PT DUME AREA . OFFSHORE SEV BLO 3500,,SEV BLO 6000,ZLA,,60000,34.07947880992388,-118.7724098083674
2019-11-12 16:19:00+00:00,F,A320,LAX UA /OV RY24R/TM 1619/FL500/TP A320/SK OVC,,,ZLA,,50000,33.93816,-118.38653
2019-11-18 17:20:00+00:00,F,B737,LAX UA /OV RY24R/TM 1720/FL500F/TP B737/WV 50KNT TAIL WIND,,,ZLA,,50000,33.93816,-118.38653
2019-11-29 21:00:00+00:00,F,E175,LAX UA /OV LAX 208005/TM 2100/FL8000/TP E175/TA -8/IC LIGHT RIME,LIGHT RIME,,ZLA,,80000,33.86457507402621,-118.43368993601852
2019-11-30 00:34:00+00:00,F,C565,BUR UA /OV VNY36013/TM 0034/FL7000/TP C565/TA -1/IC LT RIME,LT RIME,,ZLA,,70000,34.20972,-118.48917
2019-11-30 00:42:00+00:00,F,SR22,VNY UA /OV 36012/TM 0042/FL8000/TP SR22/TA -4/IC LT MIXED,LT MIXED,,ZLA,,80000,34.20972,-118.48917
2019-12-08 18:41:00+00:00,F,P06T,LAX UA /OV TOA/TM 1841/FL800/TP P06T/RM BASE 800FT TOPS 1800,,,ZLA,,80000,33.80339,-118.33961
2019-12-15 18:20:00+00:00,F,B757,LAX UA /OV RWY24R/TM 1820/FL700/TP B757/RM 10 KNOT LOSS AT 700FT LANDING RWY24R.,,,ZLA,,70000,33.93816,-118.38653
2019-12-15 18:20:00+00:00,F,B757,LAX UA /OV RWY24R/TM 1820/FL700/TP B757/RM 10 KNOT LOSS AT 700FT LANDING RWY24R,,,ZLA,,70000,33.93816,-118.38653
2020-01-21 14:00:00+00:00,F,A388,LAX UA /OV LAX072010/TM 1400/FL5000/TP A388/RM TOPS:5000;BASES:3600,,,ZLA,,50000,33.98966700412942,-118.1954565974181
2020-01-29 20:30:00+00:00,F,GLF4,LAX UA /OV LAX/TM 2030/FL6000/TP GLF4/TB MODERATE @ 4 000; LIGHT @ 5 000; MODERATE @ 6 000,,MODERATE @ 4 000; LIGHT @ 5 000; MODERATE @ 6 000,ZLA,,60000,33.93816,-118.38653
2020-01-29 23:48:00+00:00,F,PA46,LAX UA /OV 10 EAST KLAX/TM 2348/FL7000/TP PA46/SK FEW150 SCT250/WX 10/TB SEVERE,,SEVERE,ZLA,,70000,33.93816,-118.18562353512846
2020-02-11 00:00:00+00:00,F,PA32,BUR UA /OV BUR V459 DARTS/TM 0000/FL9000/TP PA32/SK CLR/WX 10SM/TB SEVERE,,SEVERE,ZLA,,90000,34.20067,-118.35867
2020-02-17 17:55:00+00:00,F,A320,KLAX UA /OV RWY25L/TM 1755/FL800/TP A320,,,ZLA,,80000,33.93816,-118.38653
2020-03-02 21:49:00+00:00,F,C210,LAX UA /OV LAX070012/TM 2149/FL9000/TP C210/WV UDD090,,,ZLA,,90000,34.006569569397,-118.15998161299044
2020-03-17 00:47:00+00:00,F,B737,BUR UA /OV 10 WEST OF SILEX BUR VICINITY/TM 0047/FL9000/TP B737/TA -13/IC RIME/RM ICING 30 MILES AROUND THE VICINITY OF BUR 9000 TO 11000,RIME,,ZLA,,90000,34.20067,-118.35867
2020-04-10 21:46:00+00:00,F,A321,KLAX UA /OV KLAX/TM 2146/FL5000/TP A321/RM BASES 5000  TOPS 8000 OVER LAX.,,,ZLA,,50000,33.93816,-118.38653
2020-04-10 21:46:00+00:00,F,A321,KLAX UA /OV KLAX/TM 2146/FL5000/TP A321/RM BASES 5000  TOPS 8000 OVER LAX,,,ZLA,,50000,33.93816,-118.38653
2020-04-13 09:05:00+00:00,F,B763,LAX UA /OV LAX/TM 0905/FL6500/TP B763/SK TOPS 060/RM NO ICING,,,ZLA,,65000,33.93816,-118.38653
2020-04-13 11:28:00+00:00,F,MD11,LAX UA /OV LAX/TM 1128/FL7100/TP MD11/SK BASES 015 TOPS 070,,,ZLA,,71000,33.93816,-118.38653
2020-04-29 15:17:00+00:00,F,737,KLAX UA /OV 1/2 MILE W/TM 1517/FL500/TP 737/SK BASES 500 TOPS 1500,,,ZLA,,50000,33.93816,-118.38653
2020-05-24 23:05:00+00:00,F,B737,VNY UA /OV VNY/TM 2305/FL4500/TP B737/RM ORANGE DRONE ACTIVITY @ 4500,,,ZLA,,45000,34.20972,-118.48917
2020-06-24 13:35:00+00:00,F,DC10,KLAX UA /OV KLAX/TM 1335/FL800/TP DC10/RM SKY CONDITION LANDING RWY25L : TOPS 020; BASE 008,,,ZLA,,80000,33.93816,-118.38653
2020-07-06 13:05:00+00:00,F,BE9L,LAX UA /OV 1 MILE OFF DEPARTURE END/TM 1305/FL600/TP BE9L,,,ZLA,,60000,33.93816,-118.38653
2020-07-06 13:53:00+00:00,F,B737,LAX UA /OV 1 MILE TO THE WEST/TM 1353/FL700/TP B737,,,ZLA,,70000,33.93816,-118.38653
2020-09-23 15:17:00+00:00,F,B739,KLAX UA /OV KLAX/TM 1517/FL700/TP B739/RM TOPS 1000 BASES 700,,,ZLA,,70000,33.93816,-118.38653
2020-11-08 13:47:00+00:00,F,B789,LAX UA /OV LAX/TM 1347/FL6500/TP B789/SK TOPS 6500/RM TOPS 6500,,,ZLA,,65000,33.93816,-118.38653
2020-12-15 20:18:00+00:00,F,SF50,LAX UA /OV LADYJ/TM 2018/FL8000/TP SF50/TB MOD,,MOD,ZLA,,80000,33.93816,-118.38653
2021-01-08 01:10:00+00:00,F,A306,VNY UA /OV VNY/TM 0110/FL5000/TP A306/TB MOD,,MOD,ZLA,,50000,34.20972,-118.48917
2021-01-14 19:25:00+00:00,F,H25B,BUR UA /OV 10 MILES WEST OF VNY/TM 1925/FL5000/TP H25B/SK CLR/WX 10 MILES/TB MODERATE,,MODERATE,ZLA,,50000,34.20067,-118.35867
2021-01-19 16:30:00+00:00,F,B737,BUR UA /OV VNY 20 MILE RADIUS/TM 1630/FL8000/TP B737/TB MODERATE/RM MODERATE TURBULENCE 20 MILES IN THE VICINITY OF VNY AND BUR FROM 3000FT TO 9000 FT,,MODERATE,ZLA,,80000,34.20972,-118.48917
2021-01-20 18:20:00+00:00,F,GLF4,VNY UA /OV 20SM NORTH VNY/TM 1820/FL8000/TP GLF4/TB MOD,,MOD,ZLA,,80000,34.20972,-118.48917
2021-01-23 23:30:00+00:00,F,C172,VNY UA /OV VNY 7NW /TM 2330/FL5000/TP C172/SK BKN033/TA M01/IC LGT RIME,LGT RIME,,ZLA,,50000,34.20972,-118.48917
2021-01-29 04:00:00+00:00,F,CRJ2,LAX UA /OV LAX260006/TM 0400/FL5000/TP CRJ2/TB MOD/RM BASE 1000FT,,MOD,ZLA,,50000,33.920793775681666,-118.50524254654144
2021-02-14 01:00:00+00:00,F,CL35,VNY UA /OV VNY 14N/TM 0100/FL7000/TP CL35/SK BKN060/WX 10/WV 36016G21/TB MOD SEV,,MOD SEV,ZLA,,70000,34.20972,-118.48917
2021-02-14 08:13:00+00:00,F,SR22,EMT UA /OV EMT 2W/TM 0813/FL8000/TP SR22/SK SKC/WX 10/WV 23008G15/TB MOD SEV,,MOD SEV,ZLA,,80000,34.086,-118.035
2021-02-15 16:33:00+00:00,F,B737,VNY UA /OV VNY/TM 1633/FL8000/TP B737/TB MODERATE TURBULENCE/RM MOD TURB 8000-12000 2 SE VNY,,MODERATE TURBULENCE,ZLA,,80000,34.20972,-118.48917
2021-02-16 01:15:00+00:00,F,C550,SNA UA /OV 10 NE AVX/TM 0115/FL7000/TP C550/RM MODERAT TURBULENCE 7000-105000,,,ZLA,,70000,33.52286067614885,-118.27464564286142
2021-02-16 21:55:00+00:00,F,G4,VNY UA /OV VNY 340/16/TM 2155/FL6000/TP G4/SK CLR/WX 10/TB MODERATE TO SEVERE TURBULENCE,,MODERATE TO SEVERE TURBULENCE,ZLA,,60000,34.20972,-118.48917
2021-02-17 02:32:00+00:00,F,E145,KLAX UA /OV KSMO/TM 0232/FL8000/TP E145/TB MOD TURB,,MOD TURB,ZLA,,80000,34.021,-118.44708
2021-02-21 17:20:00+00:00,F,CL60,VNY UA /OV VNY 7 NW/TM 1720/FL7000/TP CL60/SK CLR/WX 10SM/TB MODERATE,,MODERATE,ZLA,,70000,34.20972,-118.48917
2021-02-25 18:25:00+00:00,F,SF50,VNY UA /OV 10 MILES WEST VNY VOR/TM 1825/FL7000/TP SF50/TB MODERATE,,MODERATE,ZLA,,70000,34.20972,-118.48917
2021-03-10 19:15:00+00:00,F,SR22,BUR UA /OV BUR 10 NORTH/TM 1915/FL9000/TP SR22/TA -9/IC LIGHT RIME,LIGHT RIME,,ZLA,,90000,34.20067,-118.35867
2021-03-10 19:24:00+00:00,F,E35L,BUR UA /OV BUR/TM 1924/FL5000/TP E35L/TA -9/IC LIGHT MIXED,LIGHT MIXED,,ZLA,,50000,34.20067,-118.35867
2021-03-10 19:30:00+00:00,F,EA50,VNY UA /OV VNY 20 WEST/TM 1930/FL7000/TP EA50/TA -6/TB MODERATE/IC LIGHT RIME,LIGHT RIME,MODERATE,ZLA,,70000,34.20972,-118.48917
2021-03-11 18:20:00+00:00,F,M20P,BUR UA /OV BUR/TM 1820/FL5000/TP M20P/TA -3/IC LIGHT RIME,LIGHT RIME,,ZLA,,50000,34.20067,-118.35867
2021-03-12 00:24:00+00:00,F,C206,ONT UA /OV EMT/TM 0024/FL6000/TP C206/TA -5/IC CLEAR,CLEAR,,ZLA,,60000,34.086,-118.035
2021-03-13 23:15:00+00:00,F,C172,BUR UA /OV BUR100010/TM 2315/FL6000/TP C172/TB SEVERE,,SEVERE,ZLA,,60000,34.171726292802774,-118.16020176118938
2021-03-13 23:30:00+00:00,F,GLAS,BUR UA /OV BUR360005/TM 2330/FL6000/TP GLAS/TB SEVERE/RM DURD TO 5000,,SEVERE,ZLA,,60000,34.284010083340085,-118.35867
2021-03-21 15:00:00+00:00,F,B737,VNY UA /OV VNY 10 NW/TM 1500/FL5000/TP B737/TB MODERATE,,MODERATE,ZLA,,50000,34.20972,-118.48917
2021-03-21 17:35:00+00:00,F,GLF4,BUR UA /OV BUR 15 NORTH/TM 1735/FL8000/TP GLF4/TB MODERATE,,MODERATE,ZLA,,80000,34.20067,-118.35867
2021-03-24 14:15:00+00:00,F,C182,BUR UA /OV 12 NE SMO/TM 1415/FL4500/TP C182/TB SEV TURB/RM GAINS AND LOSSES OF 20 KTS,,SEV TURB,ZLA,,45000,34.16243281137862,-118.2764390070324
2021-03-26 04:10:00+00:00,F,BE40,VNY UA /OV UMBER/TM 0410/FL7000/TP BE40/TA 01/IC LGT CLR,LGT CLR,,ZLA,,70000,34.20972,-118.48917
2021-03-31 17:41:00+00:00,F,GLF4,BUR UA /OV 7 NW VNY/TM 1741/FL7000/TP GLF4,,,ZLA,,70000,34.27664267121036,-118.604740966283
2021-04-18 15:15:00+00:00,F,PC12,BUR UA /OV BUR/TM 1515/FL7000/TP PC12/TB SEVERE,,SEVERE,ZLA,,70000,34.20067,-118.35867
2021-05-17 13:13:00+00:00,F,A321,LAX UA /OV 20 EAST LAX/TM 1313/FL5500/TP A321/SK SCT016 BKN027 OVC038/WX 10/TA 15/WV 240/08/RM TOPS 5500,,,ZLA,,55000,33.93816,-117.98471707025692
2021-06-19 13:15:00+00:00,F,E75L,LAX UA /OV LAX/TM 1315/FL900/TP E75L/SK OVC009,,,ZLA,,90000,33.93816,-118.38653
2021-06-20 15:24:00+00:00,F,B738,KLAX UA /OV KLAX/TM 1524/FL800/TP B738/SK OVC,,,ZLA,,80000,33.93816,-118.38653
2021-07-03 13:53:00+00:00,F,B737,KLAX UA /OV RY24R ARRIVAL 1 MILE FINAL/TM 1353/FL500/TP B737/SK OVC/WX TOPS 11 BASES 500,,,ZLA,,50000,33.93816,-118.38653
2021-08-21 17:05:00+00:00,F,B737,LAX UA /OV 15 MILES EAST LAX/TM 1705/FL4600/TP B737/SK BKN009 OVC012/WX 4SM BR/TA 19/WV 27005/RM TOPS 4600',,,ZLA,,46000,33.93816,-118.38653
2021-08-21 17:05:00+00:00,F,B737,LAX UA /OV 15 MILES EAST LAX/TM 1705/FL4600/TP B737/SK BKN009 OVC012/WX 4SM BR/TA 19/WV 27005/RM TOPS 4600,,,ZLA,,46000,33.93816,-118.38653
2021-11-09 19:45:00+00:00,F,H60,BUR UA /OV BUR/TM 1945/FL5000/TP H60/SK TOPS 048 2 WEST BUR/TB SMOOTHE,,SMOOTHE,ZLA,,50000,34.20067,-118.35867
2021-11-11 16:37:00+00:00,F,C208,SNA UA /OV 3SE OF SLI/TM 1637/FL6000/TP C208/TB MOD,,MOD,ZLA,,60000,33.754641797155344,-118.00945519449002
2021-11-12 17:28:00+00:00,F,BE76,SLI UA /OV SLI/TM 1728/FL6000/TP BE76/SK CLR/TB MOD,,MOD,ZLA,,60000,33.79,-118.052
2021-11-16 16:00:00+00:00,F,C208,VNY UA /OV VNY/TM 1600/FL8000/TP C208/SK CLR/TB NEG,,NEG,ZLA,,80000,34.20972,-118.48917
2021-11-16 16:08:00+00:00,F,B350,BUR UA /OV BUR/TM 1608/FL5000/TP B350/SK TOPS 1200,,,ZLA,,50000,34.20067,-118.35867
2021-11-16 16:52:00+00:00,F,C172,BUR UA /OV VNY/TM 1652/FL4500/TP C172/SK CLR/WX 10 MILES/TB SMOOTH,,SMOOTH,ZLA,,45000,34.20972,-118.48917
2021-11-16 17:02:00+00:00,F,B350,BUR UA /OV 5 WEST VNY/TM 1702/FL6000/TP B350/SK CLEAR/WX 10 MILES/TB SMOOTH,,SMOOTH,ZLA,,60000,34.20972,-118.5899457848835
2021-11-16 19:09:00+00:00,F,B737,BUR UA /OV 5 SW BUR/TM 1909/FL6000/TP B737/SK CLR/WX 10 MILES/TB SMOOTH,,SMOOTH,ZLA,,60000,34.14173966192558,-118.429921590518
2021-11-17 16:04:00+00:00,F,E145,BUR UA /OV 3 SW VNY/TM 1604/FL5000/TP E145/SK CLR/WX 10 SM/TB SMOOTH/RM TOPS 1200,,SMOOTH,ZLA,,50000,34.17436179715534,-118.53192554452232
2021-11-17 18:07:00+00:00,F,B350,BUR UA /OV 7 WEST VNY/TM 1807/FL8000/TP B350/SK CLEAR/WX 10 MILES/TB SMOOTH,,SMOOTH,ZLA,,80000,34.20972,-118.6302560988369
2022-02-02 21:44:00+00:00,F,GLF4,EMT UA /OV 10W POM/TM 2144/FL8000/TP GLF4/TB MOD TURB,,MOD TURB,ZLA,,80000,34.08,-117.99124233314387
2022-02-06 02:35:00+00:00,F,SLG2,VNY UA /OV VNY 10 NW/TM 0235/FL7000/TP SLG2/TB LGT TURB,,LGT TURB,ZLA,,70000,34.20972,-118.48917
2022-02-21 21:20:00+00:00,F,BE20,VNY UA /OV VNY NE 15/TM 2120/FL8000/TP BE20/TB SEV/RM DESCENDING TO 070,,SEV,ZLA,,80000,34.20972,-118.48917
2022-03-04 20:25:00+00:00,F,SR22,VNY UA /OV 10 WEST OF VNY/TM 2025/FL9000/TP SR22/SK SCT055/WX 10 /TA 2/TB MODERATE/IC LIGHT RIME,LIGHT RIME,MODERATE,ZLA,,90000,34.20972,-118.69072156976698
2022-03-10 23:05:00+00:00,F,C210,LAX UA /OV VTU090010/TM 2305/FL8500/TP C210/TB MODERATE/RM WIND SHEAR +/- 10 KNOTS,,MODERATE,ZLA,,85000,34.12,-118.84866252301272
2022-03-14 03:00:00+00:00,F,GLF4,VNY UA /OV VNY/TM 0300/FL6000/TP GLF4/TB MOD,,MOD,ZLA,,60000,34.20972,-118.48917
2022-03-29 03:00:00+00:00,F,S22T,LAX UA /OV LAX090010/TM 0300/FL9000/TP S22T/TA M04/IC MOD RIME,MOD RIME,,ZLA,,90000,33.93816,-118.18562353512846
2022-05-08 15:09:00+00:00,F,B737,LGB UA /OV 5 NM S LGB/TM 1509/FL4700/TP B737/SK OVC-TOP047,,,ZLA,,47000,33.81179,-118.14716
2022-06-14 17:56:00+00:00,F,CL35,PKB UA /OV BURGS/TM 1756/FL430/TP CL35/TB CONS LGT CHOP,,CONS LGT CHOP,ZLA,,43000,34.20067,-118.35867
2022-12-04 17:11:00+00:00,F,E135,BUR UA /OV BUR/TM 1711/FL9700/TP E135/SK OVC 970,,,ZLA,,97000,34.20067,-118.35867
2022-12-11 21:45:00+00:00,F,E55P,EMT UA /OV 3 WEST EMT/TM 2145/FL8000/TP E55P/TB MODERATE,,MODERATE,ZLA,,80000,34.086,-118.09537697782046
2022-12-30 21:25:00+00:00,F,C208,LAX UA /OV LAX/TM 2125/FL4700/TP C208/SK TOPS 4700,,,ZLA,,47000,33.93816,-118.38653
2022-12-31 16:05:00+00:00,F,B737,BUR UA /OV BUR/TM 1605/FL6000/TP B737/SK TOPS 5800,,,ZLA,,60000,34.20067,-118.35867
2023-01-03 01:15:00+00:00,F,PC12,BUR UA /OV 5 SE BUR/TM 0115/FL7000/TP PC12/TA -4/IC LIGHT RIME,LIGHT RIME,,ZLA,,70000,34.14173966192558,-118.28741840948202
2023-01-04 01:28:00+00:00,F,E135,BUR UA /OV 3 S BUR/TM 0128/FL4500/TP E135/RM TOPS REPORTED AT 4500,,,ZLA,,45000,34.150665949995954,-118.35867
2023-01-30 23:55:00+00:00,F,PC12,LAX UA /OV 7 MILES WEST OF SMO/TM 2355/FL7000/TP PC12/TA 0/IC LIGHT RIME,LIGHT RIME,,ZLA,,70000,33.93816,-118.38653
2023-02-05 18:48:00+00:00,F,PC12,BUR UA /OV 8 SOUTH OF L70/TM 1848/FL8000/TP PC12/TB SEVERE,,SEVERE,ZLA,,80000,34.36665586665587,-118.31
2023-02-22 21:50:00+00:00,F,B350,VNY UA /OV VNY 340 07/TM 2150/FL7000/TP B350/TA -4/IC LIGHT MIXED,LIGHT MIXED,,ZLA,,70000,34.20972,-118.48917
2023-02-22 22:03:00+00:00,F,CL60,BUR UA /OV 10 N BUR/TM 2203/FL8000/TP CL60/IC LIGHT RIME,LIGHT RIME,,ZLA,,80000,34.36735016668017,-118.35867
2023-03-01 04:20:00+00:00,F,BCS3,SNA UA /OV SLI06015/TM 0420/FL5000/TP BCS3/TA M05/IC LIGHT RIME/RM 5000-6000,LIGHT RIME,,ZLA,,50000,33.79,-118.052
2023-03-01 17:00:00+00:00,F,PC12,SLI UA /OV SLI070@1/TM 1700/FL6000/TP PC12/TB MODERATE,,MODERATE,ZLA,,60000,33.79,-118.052
2023-03-11 01:52:00+00:00,F,ATR43,EMT UA /OV EMT/TM 0152/FL5000/TP ATR43/TB MOD,,MOD,ZLA,,50000,34.086,-118.035
2023-03-19 19:25:00+00:00,F,M600,SMO UA /OV SMO270008/TM 1925/FL5500/TP M600/SK OVC055,,,ZLA,,55000,34.021,-118.6079618710344
2023-03-20 13:23:00+00:00,F,B737,LAX UA /OV 5 W LAX/TM 1323/FL700/TP B737/WX BASES 100 TOPS 40000,,,ZLA,,70000,33.93816,-118.48698323243576
2023-05-26 14:30:00+00:00,F,C172,TOA UA /OV TOA/TM 1430/FL5000/TP C172/SK BASES 030 TOPS 050,,,ZLA,,50000,33.80339,-118.33961
2023-09-02 20:52:00+00:00,F,GLF6,BUR UA /OV VNY 3NW/TM 2052/FL6500/TP GLF6/RM TOPS 6300,,,ZLA,,65000,34.20972,-118.48917
2023-09-20 13:30:00+00:00,F,BE99,VNY UA /OV 3 SW BUR/TM 1330/FL5500/TP BE99/SK OVC/RM TOPS 5200,,,ZLA,,55000,34.16531179715535,-118.4014209543108
2023-09-20 14:10:00+00:00,F,SW4,VNY UA /OV 5 SW BUR/TM 1410/FL5300/TP SW4/SK OVC/RM TOPS 5300,,,ZLA,,53000,34.14173966192558,-118.429921590518
2023-09-20 15:13:00+00:00,F,GLF4,VNY UA /OV 3 SE VNY/TM 1513/FL5300/TP GLF4/SK BKN/RM TOPS 5300,,,ZLA,,53000,34.17436179715534,-118.4464144554777
2023-09-21 17:08:00+00:00,F,P46T,LAX UA /OV TOA/TM 1708/FL4600/TP P46T/WX B;4600 T:5100,,,ZLA,,46000,33.80339,-118.33961
2023-09-28 11:15:00+00:00,F,GLF5,BUR UA /OV 5 SW BUR/TM 1115/FL5000/TP GLF5/SK OVC/RM BASES 500 TOPS 2500,,,ZLA,,50000,34.14173966192558,-118.429921590518
2023-10-17 15:05:00+00:00,F,BE33,LAX UA /OV SMO/TM 1505/FL800/TP BE33/SK TOPS 800,,,ZLA,,80000,34.021,-118.44708
2023-10-30 18:40:00+00:00,F,PC12,BUR UA /OV BUR 360/10/TM 1840/FL9000/TP PC12/TB MOD,,MOD,ZLA,,90000,34.20067,-118.35867
2023-10-30 20:31:00+00:00,F,C208,VNY UA /OV 9NM NW VNY/TM 2031/FL8000/TP C208/TB MOD TURB,,MOD TURB,ZLA,,80000,34.20972,-118.48917
2023-11-18 22:36:00+00:00,F,B737,BUR UA /OV BUR/TM 2236/FL7500/TP B737/SK TOPS 7500,,,ZLA,,75000,34.20067,-118.35867
2023-11-20 13:55:00+00:00,F,B737,LAX UA /OV 10 MILES SOUTH OF LAX/TM 1355/FL4500/TP B737/TB MOD TURBULENCE,,MOD TURBULENCE,ZLA,,45000,33.93816,-118.38653
2023-11-29 21:10:00+00:00,F,C172,SLI UA /OV SLI/TM 2110/FL6000/TP C172/SK SCT040 BKN050 BKN100/WX 10SM/TB MODERATE,,MODERATE,ZLA,,60000,33.79,-118.052
2024-01-07 16:57:00+00:00,F,GA5C,BUR UA /OV VNY/TM 1657/FL6000/TP GA5C/TB MOD/RM MOD TURB CLIMB SFC- 6000 ON DEPARTURE,,MOD,ZLA,,60000,34.20972,-118.48917
2024-01-14 18:40:00+00:00,F,C180,VNY UA /OV VNY24005/TM 1840/FL7500/TP C180/TB LGT,,LGT,ZLA,,75000,34.20972,-118.48917
2024-01-22 19:39:00+00:00,F,A320,LAX UA /OV SXC040010/TM 1939/FL7000/TP A320/TB LGT TURB/RM LGT TURB DURD INTO LAX,,LGT TURB,ZLA,,70000,33.50768441546349,-118.29169482871444
2024-01-23 23:45:00+00:00,F,C182,LAX UA /OV 6 SOUTH BUR/TM 2345/FL9000/TP C182/TB UP AND DOWN DRAFTS,,UP AND DOWN DRAFTS,ZLA,,90000,34.100661899991906,-118.35867
2024-02-02 23:16:00+00:00,F,GLEX,VNY UA /OV VNY34010/TM 2316/FL5300/TP GLEX/WX BASES 5300,,,ZLA,,53000,34.20972,-118.48917
2024-02-06 03:53:00+00:00,F,BE99,BUR UA /OV 3 W BUR/TM 0353/FL8000/TP BE99/SK HEAVY PRECIPITATION/TB MODERATE,,MODERATE,ZLA,,80000,34.20067,-118.41912897939072
2024-02-07 01:18:00+00:00,F,C208,VNY UA /OV 8 WEST VNY/TM 0118/FL7000/TP C208/TA -5/IC MOD RIME,MOD RIME,,ZLA,,70000,34.20972,-118.6504112558136
2024-02-09 01:42:00+00:00,F,P28A,VNY UA /OV VNY29005/TM 0142/FL5000/TP P28A/IC -RIME ICE,-RIME ICE,,ZLA,,50000,34.20972,-118.48917
2024-02-19 14:05:00+00:00,F,B738,LAX UA /OV 2 MILES W OF LAX/TM 1405/FL7000/TP B738/SK BASES 900 TOPS 6700,,,ZLA,,70000,33.93816,-118.38653
2024-03-02 17:00:00+00:00,F,B737,LAX UA /OV KLAX/TM 1700/FL9500/TP B737/WX B2200 T9500,,,ZLA,,95000,33.93816,-118.38653
2024-03-24 20:29:00+00:00,F,SR22,VNY UA /OV VNY26010/TM 2029/FL7000/TP SR22/IC LIGHT RIME,LIGHT RIME,,ZLA,,70000,34.20972,-118.48917
2024-04-05 18:30:00+00:00,F,TBM,BUR UA /OV UMBER INT/TM 1830/FL8000/TP TBM/IC LIGHT RIME,LIGHT RIME,,ZLA,,80000,34.20067,-118.35867
2024-04-14 02:35:00+00:00,F,E75L,LAX UA /OV LAX26010/TM 0235/FL6000/TP E75L/TB MOD TURB,,MOD TURB,ZLA,,60000,33.93816,-118.38653
2024-05-06 01:37:00+00:00,F,C172,LAX UA /OV LAX320004/TM 0137/FL5500/TP C172/RM UPDRAFT 200FT,,,ZLA,,55000,33.9892337661854,-118.43818607453014
2024-07-30 13:45:00+00:00,F,B737,LAX UA /OV LAX/TM 1345/FL600/TP B737/RM BASES 600 TOPS 1000,,,ZLA,,60000,33.93816,-118.38653
2024-08-24 20:07:00+00:00,F,DA40,BUR UA /OV VNY245006/TM 2007/FL5000/TP DA40/TB LGT TO MOD,,LGT TO MOD,ZLA,202408242000-KMSC-UBUS01-PIREP,50000,34.16745475061458,-118.59877065430156
2024-10-18 20:13:00+00:00,F,BE36,BUR UA /OV VNY08916/TM 2013/FL5500/TP BE36/TB MOD TURB/RM CONTINUOUS,,MOD TURB,ZLA,202410182000-KMSC-UBUS01-PIREP,55000,34.20972,-118.48917
2024-10-18 20:39:00+00:00,F,C210,VNY UA /OV VNY06012/TM 2039/FL5500/TP C210/TB SEVERE TURB/RM CONTINUOUS,,SEVERE TURB,ZLA,202410182000-KMSC-UBUS01-PIREP,55000,34.20972,-118.48917
2025-02-05 14:15:00+00:00,F,B737,KLAX UA /OV 10 NM EAST OF LAX/TM 1415/FL6000/TP B737/SK TOPS 6000 SKY CLEAR ABOVE,,,ZLA,202502051400-KMSC-UBUS01-PIREP,60000,33.93816,-118.38653
2025-02-07 14:16:00+00:00,F,B737,LAX UA /OV LAX 10NM WEST/TM 1416/FL8500/TP B737/SK BASES 300 MSL  SEVERAL OVC LAYERS  TOPS 8500 MSL,,,ZLA,202502071400-KMSC-UBUS01-PIREP,85000,33.93816,-118.38653
